date,sentiment_score
2015-01-01,-0.330553
2015-01-02,-0.100757
2015-01-03,-0.109538
2015-01-04,-0.39874
2015-01-05,-0.171743
2015-01-06,-0.012464
2015-01-07,-0.140371
2015-01-08,-0.105266
2015-01-09,0.716459
2015-01-10,0.099979
2015-01-11,-0.000014
2015-01-12,0.126074
2015-01-13,0.136062
2015-01-14,-0.023866
2015-01-15,-0.240394
2015-01-16,-0.299015
2015-01-17,-0.340573
2015-01-18,-0.000012
2015-01-20,-0.030577
2015-01-22,-0.000004
2015-01-23,0.110862
2015-01-24,-0.002829
2015-01-25,-0.000015
2015-01-26,0.102194
2015-01-27,-0.297577
2015-01-28,-0.31031
2015-01-29,0.009036
2015-01-30,0.199508
2015-02-02,-0.307808
2015-02-04,-0.127335
2015-02-05,0.01814
2015-02-06,0.104882
2015-02-08,-0.997995
2015-02-10,0.499561
2015-02-12,0.498047
2015-02-13,0.092256
2015-02-14,-0.000042
2015-02-15,-0.000012
2015-02-17,0.430865
2015-02-18,0.192627
2015-02-19,0.499039
2015-02-20,0.000526
2015-02-25,0.499714
2015-02-26,0.221524
2015-02-27,-0.031028
2015-02-28,-0.74648
2015-03-02,0.619201
2015-03-03,0.501376
2015-03-04,-0.278461
2015-03-05,0.198798
2015-03-06,0.083296
2015-03-11,0.645329
2015-03-12,0.497874
2015-03-13,-0.097399
2015-03-14,-0.201148
2015-03-15,0.000296
2015-03-16,-0.031602
2015-03-17,-0.195668
2015-03-18,0.064741
2015-03-19,0.223331
2015-03-20,0.162405
2015-03-21,0.194808
2015-03-22,0.249826
2015-03-23,0.034509
2015-03-24,-0.098296
2015-03-25,0.210995
2015-03-26,-0.091244
2015-03-27,-0.197408
2015-03-30,0.000023
2015-03-31,0.383741
2015-04-01,-0.180552
2015-04-02,-0.128142
2015-04-03,-0.194768
2015-04-06,0.12454
2015-04-07,-0.385331
2015-04-08,0.072484
2015-04-09,-0.099661
2015-04-10,0.00007
2015-04-17,-0.307407
2015-04-18,-0.000045
2015-04-19,-0.000009
2015-04-20,-0.000018
2015-04-21,-0.082782
2015-04-22,0.036731
2015-04-23,-0.498898
2015-04-24,0.089242
2015-04-25,-0.000005
2015-04-28,0.093078
2015-04-29,-0.326966
2015-04-30,-0.118525
2015-05-01,0.000305
2015-05-04,0.129538
2015-05-08,-0.006846
2015-05-09,0.002349
2015-05-12,-0.249027
2015-05-13,-0.197381
2015-05-14,-0.099219
2015-05-15,-0.145203
2015-05-18,0.305056
2015-05-19,0.249861
2015-05-20,-0.426901
2015-05-21,-0.498813
2015-05-22,0.000035
2015-05-23,0.000063
2015-05-24,0.499385
2015-05-26,-0.392117
2015-05-27,0.302167
2015-05-28,-0.171181
2015-05-29,-0.108194
2015-05-30,0.000009
2015-05-31,-0.00002
2015-06-01,-0.098068
2015-06-02,-0.156424
2015-06-03,0.000587
2015-06-04,-0.103783
2015-06-05,0.027293
2015-06-06,0.390404
2015-06-07,0.000014
2015-06-08,-0.209912
2015-06-09,-0.197924
2015-06-10,-0.05598
2015-06-11,0.212779
2015-06-12,-0.259482
2015-06-13,0.498627
2015-06-14,-0.016321
2015-06-15,-0.253419
2015-06-16,0.100373
2015-06-17,0.007363
2015-06-18,-0.001765
2015-06-19,0.021114
2015-06-20,0.286372
2015-06-21,-0.000015
2015-06-22,-0.16403
2015-06-23,-0.142431
2015-06-24,-0.175041
2015-06-25,0.086103
2015-06-26,0.376768
2015-06-27,-0.231871
2015-06-28,-0.000012
2015-06-29,-0.332036
2015-06-30,-0.50198
2015-07-01,0.12945
2015-07-02,-0.016685
2015-07-03,0.223955
2015-07-04,-0.000061
2015-07-06,-0.099792
2015-07-07,-0.332221
2015-07-08,-0.179185
2015-07-09,-0.111871
2015-07-10,-0.274784
2015-07-11,-0.181349
2015-07-12,-0.329845
2015-07-13,-0.189847
2015-07-14,0.301589
2015-07-15,0.03226
2015-07-16,0.193766
2015-07-17,0.231034
2015-07-18,-0.000021
2015-07-19,-0.000365
2015-07-20,0.217834
2015-07-21,0.294184
2015-07-22,0.007857
2015-07-23,-0.088342
2015-07-24,0.100737
2015-07-25,-0.00002
2015-07-26,-0.000024
2015-07-27,-0.049877
2015-07-28,-0.00126
2015-07-29,-0.096832
2015-07-30,0.229326
2015-07-31,-0.289192
2015-08-03,0.099695
2015-08-04,-0.305031
2015-08-05,-0.000192
2015-08-06,0.180391
2015-08-07,-0.049755
2015-08-08,0.166536
2015-08-09,-0.196705
2015-08-10,0.003225
2015-08-11,-0.321302
2015-08-12,-0.100534
2015-08-13,0.199829
2015-08-14,0.222838
2015-08-17,-0.000616
2015-08-18,-0.421724
2015-08-19,-0.171148
2015-08-20,0.103301
2015-08-21,-0.094356
2015-08-22,0.002765
2015-08-23,-0.218636
2015-08-24,-0.321319
2015-08-25,-0.009417
2015-08-26,-0.188228
2015-08-27,0.292114
2015-08-28,0.098777
2015-08-29,0.430268
2015-08-30,-0.008123
2015-08-31,-0.07931
2015-09-01,0.049124
2015-09-02,-0.202581
2015-09-03,0.192997
2015-09-04,0.289118
2015-09-05,-0.102048
2015-09-06,-0.166087
2015-09-07,0.165584
2015-09-08,-0.263798
2015-09-09,-0.026593
2015-09-10,0.023874
2015-09-11,0.048004
2015-09-12,0.002593
2015-09-13,-0.000059
2015-09-14,-0.193437
2015-09-15,-0.001122
2015-09-16,-0.097387
2015-09-17,-0.092657
2015-09-18,-0.042039
2015-09-19,-0.108241
2015-09-21,-0.269924
2015-09-22,-0.000014
2015-09-23,-0.393655
2015-09-24,0.005413
2015-09-25,0.11098
2015-09-26,-0.491438
2015-09-27,0.288222
2015-09-28,-0.055805
2015-09-29,0.031499
2015-09-30,-0.098435
2015-10-01,0.197493
2015-10-02,-0.059571
2015-10-03,0.001357
2015-10-04,-0.263981
2015-10-05,-0.235771
2015-10-06,-0.086353
2015-10-07,0.001229
2015-10-08,0.496624
2015-10-09,-0.300714
2015-10-10,-0.198469
2015-10-11,-0.000012
2015-10-12,0.199739
2015-10-13,0.202754
2015-10-14,-0.100713
2015-10-15,-0.03115
2015-10-16,-0.294421
2015-10-17,0.104176
2015-10-18,-0.247107
2015-10-19,0.25089
2015-10-20,0.14406
2015-10-21,0.044432
2015-10-22,-0.572945
2015-10-23,0.388969
2015-10-24,0.000662
2015-10-25,-0.000002
2015-10-26,0.290958
2015-10-27,-0.009436
2015-10-28,-0.00168
2015-10-29,-0.109648
2015-10-30,0.272552
2015-10-31,0.172247
2015-11-01,0.253114
2015-11-02,0.298389
2015-11-03,0.29754
2015-11-04,0.281866
2015-11-05,0.321754
2015-11-06,0.102989
2015-11-07,0.215181
2015-11-08,-0.000015
2015-11-09,-0.146359
2015-11-10,0.100927
2015-11-11,-0.097781
2015-11-12,-0.165627
2015-11-13,0.098724
2015-11-14,0.998161
2015-11-15,-0.000019
2015-11-16,0.428008
2015-11-17,0.201248
2015-11-18,-0.064954
2015-11-19,0.398954
2015-11-20,0.248229
2015-11-21,-0.029214
2015-11-22,-0.22109
2015-11-23,-0.171563
2015-11-24,-0.196017
2015-11-25,0.28583
2015-11-26,0.492753
2015-11-27,0.254516
2015-11-28,-0.061687
2015-11-29,0.096826
2015-11-30,-0.104118
2015-12-01,0.009339
2015-12-02,-0.093508
2015-12-03,-0.005789
2015-12-04,-0.107375
2015-12-05,0.191738
2015-12-06,-0.00002
2015-12-07,0.183491
2015-12-08,-0.036974
2015-12-09,-0.000824
2015-12-10,-0.128945
2015-12-11,-0.148927
2015-12-12,-0.285885
2015-12-13,-0.002728
2015-12-14,-0.30821
2015-12-15,0.049533
2015-12-16,0.208753
2015-12-17,0.227927
2015-12-18,0.100227
2015-12-19,-0.286748
2015-12-20,0.014116
2015-12-21,-0.098536
2015-12-22,0.100368
2015-12-23,0.299929
2015-12-24,0.248585
2015-12-25,-0.284153
2015-12-26,0.000081
2015-12-27,0.181057
2015-12-28,0.213141
2015-12-29,0.30487
2015-12-30,0.295138
2015-12-31,0.199684
2016-01-01,0.398027
2016-01-02,0.086848
2016-01-03,-0.415142
2016-01-04,-0.216713
2016-01-05,-0.052767
2016-01-06,0.038172
2016-01-07,0.057525
2016-01-08,0.322837
2016-01-09,-0.018142
2016-01-10,-0.000317
2016-01-11,-0.068116
2016-01-12,-0.392321
2016-01-13,0.312587
2016-01-14,-0.562863
2016-01-15,-0.351455
2016-01-16,0.206347
2016-01-17,-0.993285
2016-01-18,-0.198029
2016-01-19,-0.324619
2016-01-20,-0.80446
2016-01-21,-0.356957
2016-01-22,0.056463
2016-01-23,0.400027
2016-01-24,-0.405336
2016-01-25,-0.601774
2016-01-26,-0.349978
2016-01-27,0.058368
2016-01-28,-0.376847
2016-01-29,0.032407
2016-01-30,-0.096242
2016-01-31,-0.245936
2016-02-01,-0.190495
2016-02-02,-0.19529
2016-02-03,0.103245
2016-02-04,0.062556
2016-02-05,-0.180119
2016-02-06,0.025583
2016-02-07,-0.737926
2016-02-08,0.002243
2016-02-09,-0.283388
2016-02-10,-0.298962
2016-02-11,-0.225574
2016-02-12,-0.593204
2016-02-13,-0.468711
2016-02-14,-0.198111
2016-02-15,-0.004104
2016-02-16,0.142487
2016-02-17,0.022159
2016-02-18,0.191313
2016-02-19,0.199295
2016-02-20,0.498993
2016-02-21,0.111141
2016-02-22,-0.542531
2016-02-23,-0.044597
2016-02-24,-0.497004
2016-02-25,-0.016879
2016-02-26,0.102981
2016-02-27,0.101692
2016-02-28,-0.24584
2016-02-29,0.027632
2016-03-01,-0.127309
2016-03-02,0.41755
2016-03-03,0.169694
2016-03-04,0.395811
2016-03-05,0.000526
2016-03-06,0.495377
2016-03-07,0.295379
2016-03-08,0.001281
2016-03-09,-0.081932
2016-03-10,-0.054332
2016-03-11,0.401533
2016-03-12,-0.237456
2016-03-13,-0.120724
2016-03-14,0.086239
2016-03-15,-0.396462
2016-03-16,0.215606
2016-03-17,-0.018881
2016-03-18,0.197991
2016-03-19,0.090451
2016-03-20,0.299076
2016-03-21,0.192542
2016-03-22,-0.283543
2016-03-23,0.11194
2016-03-24,-0.399056
2016-03-25,0.115748
2016-03-26,0.010322
2016-03-27,0.001622
2016-03-28,-0.467324
2016-03-29,0.097348
2016-03-30,0.495625
2016-03-31,-0.017834
2016-04-01,-0.547278
2016-04-02,0.223247
2016-04-03,0.390091
2016-04-04,0.517227
2016-04-05,-0.096852
2016-04-06,-0.256907
2016-04-07,-0.06055
2016-04-08,-0.37474
2016-04-09,-0.398236
2016-04-10,0.088958
2016-04-11,0.101558
2016-04-12,0.216422
2016-04-13,0.391454
2016-04-14,-0.249168
2016-04-15,0.276117
2016-04-16,-0.000939
2016-04-17,0.340365
2016-04-18,-0.115645
2016-04-19,0.195443
2016-04-20,0.080954
2016-04-21,0.300486
2016-04-22,-0.221113
2016-04-23,0.101088
2016-04-24,0.169232
2016-04-25,0.191667
2016-04-26,0.342315
2016-04-27,-0.398135
2016-04-28,-0.28399
2016-04-29,0.229572
2016-04-30,0.12167
2016-05-01,-0.432967
2016-05-02,-0.087403
2016-05-03,-0.120819
2016-05-04,-0.16762
2016-05-05,-0.288439
2016-05-06,-0.589084
2016-05-07,-0.41822
2016-05-08,-0.026298
2016-05-09,-0.195051
2016-05-10,-0.158523
2016-05-11,-0.29804
2016-05-12,0.13223
2016-05-13,-0.098892
2016-05-14,-0.278338
2016-05-15,-0.091762
2016-05-16,0.196222
2016-05-17,0.070902
2016-05-18,-0.086062
2016-05-19,0.230256
2016-05-20,-0.008148
2016-05-21,0.107033
2016-05-22,0.296917
2016-05-23,0.164179
2016-05-24,0.498053
2016-05-25,0.01388
2016-05-26,0.363904
2016-05-27,-0.298902
2016-05-28,-0.239477
2016-05-29,-0.033661
2016-05-30,0.297314
2016-05-31,0.194272
2016-06-01,0.113581
2016-06-02,-0.031306
2016-06-03,-0.205129
2016-06-04,0.08157
2016-06-05,0.11083
2016-06-06,0.070722
2016-06-07,0.461406
2016-06-08,0.00176
2016-06-09,-0.206761
2016-06-10,0.154382
2016-06-11,0.020619
2016-06-12,0.110383
2016-06-13,-0.249486
2016-06-14,-0.265441
2016-06-15,-0.427315
2016-06-16,-0.18957
2016-06-17,-0.311982
2016-06-18,-0.172946
2016-06-19,-0.283741
2016-06-20,0.32431
2016-06-21,-0.499148
2016-06-22,-0.22342
2016-06-23,-0.34094
2016-06-24,-0.532675
2016-06-25,-0.102525
2016-06-26,-0.201726
2016-06-27,-0.10561
2016-06-28,-0.264374
2016-06-29,0.082066
2016-06-30,0.381073
2016-07-01,0.086676
2016-07-02,-0.164281
2016-07-03,-0.263266
2016-07-04,0.392206
2016-07-05,0.269111
2016-07-06,0.102579
2016-07-07,-0.3336
2016-07-08,0.499642
2016-07-09,0.029557
2016-07-10,0.298448
2016-07-11,-0.142543
2016-07-12,0.395248
2016-07-13,0.314234
2016-07-14,0.020264
2016-07-15,0.184233
2016-07-16,0.429253
2016-07-17,0.524571
2016-07-18,0.098855
2016-07-19,0.001271
2016-07-20,0.112641
2016-07-21,0.599459
2016-07-22,-0.014621
2016-07-23,0.555876
2016-07-24,-0.135589
2016-07-25,0.192414
2016-07-26,0.41031
2016-07-27,0.280139
2016-07-28,-0.154285
2016-07-29,0.179889
2016-07-30,0.110302
2016-07-31,0.082584
2016-08-01,-0.234
2016-08-02,0.206003
2016-08-03,0.199532
2016-08-04,0.647162
2016-08-05,0.365962
2016-08-06,0.403479
2016-08-07,0.599173
2016-08-08,0.393828
2016-08-09,0.104739
2016-08-10,-0.248243
2016-08-11,-0.186232
2016-08-12,0.138367
2016-08-13,-0.151169
2016-08-14,-0.101851
2016-08-15,0.286407
2016-08-16,-0.198459
2016-08-17,-0.043818
2016-08-18,0.271374
2016-08-19,-0.792928
2016-08-20,-0.023472
2016-08-21,0.099275
2016-08-22,0.310392
2016-08-23,0.187662
2016-08-24,-0.073608
2016-08-25,0.081486
2016-08-26,0.366824
2016-08-27,0.194752
2016-08-28,0.401095
2016-08-29,0.155253
2016-08-30,0.374705
2016-08-31,-0.081526
2016-09-01,0.48212
2016-09-02,-0.367358
2016-09-03,-0.14241
2016-09-04,0.13539
2016-09-05,0.238516
2016-09-06,0.121044
2016-09-07,0.087466
2016-09-08,-0.073506
2016-09-09,-0.152766
2016-09-10,-0.298417
2016-09-11,-0.596593
2016-09-12,-0.113658
2016-09-13,-0.437205
2016-09-14,-0.38557
2016-09-15,0.016774
2016-09-16,-0.142864
2016-09-17,-0.327112
2016-09-18,-0.19972
2016-09-19,0.154437
2016-09-20,-0.021596
2016-09-21,0.191417
2016-09-22,-0.198027
2016-09-23,0.005482
2016-09-24,0.001896
2016-09-25,0.585875
2016-09-26,-0.100763
2016-09-27,0.623068
2016-09-28,0.006388
2016-09-29,0.21186
2016-09-30,0.104681
2016-10-01,0.201011
2016-10-02,0.42787
2016-10-03,0.506272
2016-10-04,0.299908
2016-10-05,0.098727
2016-10-06,0.137683
2016-10-07,-0.677576
2016-10-08,-0.275064
2016-10-09,0.130825
2016-10-10,0.373191
2016-10-11,-0.097539
2016-10-12,-0.549169
2016-10-13,-0.134034
2016-10-14,-0.345261
2016-10-15,0.263617
2016-10-16,0.665878
2016-10-17,0.081308
2016-10-18,0.116279
2016-10-19,0.454471
2016-10-20,-0.10453
2016-10-21,0.102143
2016-10-22,0.023392
2016-10-23,0.48462
2016-10-24,0.35122
2016-10-25,0.00236
2016-10-26,-0.009796
2016-10-27,0.478164
2016-10-28,0.01023
2016-10-29,0.158476
2016-10-30,-0.002545
2016-10-31,-0.294791
2016-11-01,0.002657
2016-11-02,-0.162719
2016-11-03,-0.298578
2016-11-04,-0.198585
2016-11-05,-0.205529
2016-11-06,-0.357129
2016-11-07,0.001746
2016-11-08,-0.126156
2016-11-09,-0.209322
2016-11-10,0.206896
2016-11-11,0.106935
2016-11-12,0.121094
2016-11-13,0.005709
2016-11-14,0.402248
2016-11-15,0.200593
2016-11-16,0.306852
2016-11-17,0.457402
2016-11-18,0.088728
2016-11-19,-0.213049
2016-11-20,0.034477
2016-11-21,0.252586
2016-11-22,0.409809
2016-11-23,0.263934
2016-11-24,-0.128774
2016-11-25,0.200272
2016-11-26,0.659381
2016-11-27,0.299951
2016-11-28,-0.126651
2016-11-29,-0.098242
2016-11-30,0.134002
2016-12-01,-0.092152
2016-12-02,0.205549
2016-12-03,0.440891
2016-12-04,0.498428
2016-12-05,0.370454
2016-12-06,0.404531
2016-12-07,0.14638
2016-12-08,0.489321
2016-12-09,0.309484
2016-12-10,0.886748
2016-12-11,0.108321
2016-12-12,0.037134
2016-12-13,0.141999
2016-12-14,0.001663
2016-12-15,-0.108135
2016-12-16,-0.235579
2016-12-17,0.151649
2016-12-18,0.201679
2016-12-19,0.355971
2016-12-20,0.019131
2016-12-21,0.151732
2016-12-22,0.204796
2016-12-23,0.154072
2016-12-24,-0.292977
2016-12-25,0.202255
2016-12-26,0.215512
2016-12-27,0.18202
2016-12-28,0.524623
2016-12-29,-0.651771
2016-12-30,0.50016
2016-12-31,-0.224004
2017-01-01,-0.0495
2017-01-02,-0.183712
2017-01-03,-0.07587
2017-01-04,0.22829
2017-01-05,-0.40271
2017-01-06,-0.099463
2017-01-07,0.308128
2017-01-08,0.239665
2017-01-09,0.200341
2017-01-10,0.191717
2017-01-11,0.346027
2017-01-12,0.182003
2017-01-13,0.27174
2017-01-14,-0.084597
2017-01-15,0.401093
2017-01-16,0.502035
2017-01-17,-0.589574
2017-01-18,0.102381
2017-01-19,0.745961
2017-01-20,0.011547
2017-01-21,0.435377
2017-01-22,0.092586
2017-01-23,-0.088446
2017-01-24,0.04676
2017-01-25,0.217825
2017-01-26,0.209237
2017-01-27,0.254744
2017-01-28,0.475886
2017-01-29,-0.22477
2017-01-30,0.399913
2017-01-31,0.301902
2017-02-01,-0.017565
2017-02-02,-0.294275
2017-02-03,-0.196098
2017-02-04,0.497046
2017-02-05,0.38077
2017-02-06,0.371097
2017-02-07,0.196217
2017-02-08,-0.259934
2017-02-09,0.019935
2017-02-10,0.115649
2017-02-11,0.4009
2017-02-12,0.100461
2017-02-13,0.083381
2017-02-14,0.604642
2017-02-15,0.100393
2017-02-16,0.139052
2017-02-17,-0.286838
2017-02-18,0.375789
2017-02-19,0.018305
2017-02-20,0.22856
2017-02-21,0.436219
2017-02-22,0.029007
2017-02-23,-0.027388
2017-02-24,0.56139
2017-02-25,0.586772
2017-02-26,0.138864
2017-02-27,0.411217
2017-02-28,-0.076202
2017-03-01,0.094971
2017-03-02,-0.225681
2017-03-03,-0.098462
2017-03-04,0.32588
2017-03-05,0.147373
2017-03-06,-0.0969
2017-03-07,0.111512
2017-03-08,-0.098075
2017-03-09,0.115912
2017-03-10,0.212395
2017-03-11,0.168162
2017-03-12,0.098829
2017-03-13,0.239012
2017-03-14,0.169028
2017-03-15,0.199661
2017-03-16,0.275315
2017-03-17,0.190868
2017-03-18,-0.144515
2017-03-19,0.245613
2017-03-20,0.169826
2017-03-21,0.56884
2017-03-22,0.156957
2017-03-23,0.285744
2017-03-24,-0.058963
2017-03-25,-0.327479
2017-03-26,0.047528
2017-03-27,-0.503836
2017-03-28,-0.137498
2017-03-29,-0.326435
2017-03-30,-0.009878
2017-03-31,0.156314
2017-04-01,0.357752
2017-04-02,-0.998091
2017-04-03,-0.273339
2017-04-04,-0.355936
2017-04-05,0.030523
2017-04-06,-0.462543
2017-04-07,-0.037966
2017-04-08,-0.06862
2017-04-09,0.102218
2017-04-10,-0.104805
2017-04-11,0.034136
2017-04-12,-0.103252
2017-04-13,-0.482906
2017-04-14,-0.19968
2017-04-15,0.215941
2017-04-16,-0.199566
2017-04-17,-0.103112
2017-04-18,0.105435
2017-04-19,0.048305
2017-04-20,0.059191
2017-04-21,0.263222
2017-04-22,0.137902
2017-04-23,-0.090318
2017-04-24,-0.050011
2017-04-25,0.099063
2017-04-26,0.01038
2017-04-27,-0.378886
2017-04-28,0.300251
2017-04-29,-0.046984
2017-04-30,0.48264
2017-05-01,-0.060956
2017-05-02,0.387263
2017-05-03,-0.124795
2017-05-04,-0.106016
2017-05-05,0.294866
2017-05-06,0.690461
2017-05-07,0.213231
2017-05-08,0.276955
2017-05-09,0.140833
2017-05-10,0.04688
2017-05-11,0.164934
2017-05-12,0.001095
2017-05-13,0.256732
2017-05-14,-0.099563
2017-05-15,-0.260397
2017-05-16,0.392592
2017-05-17,-0.00682
2017-05-18,-0.183387
2017-05-19,0.191835
2017-05-20,-0.245479
2017-05-21,0.27029
2017-05-22,-0.397395
2017-05-23,0.312129
2017-05-24,0.431491
2017-05-25,0.000082
2017-05-26,0.229316
2017-05-27,0.473688
2017-05-28,0.149169
2017-05-29,0.30081
2017-05-30,0.572156
2017-05-31,-0.298905
2017-06-01,-0.003237
2017-06-02,0.654442
2017-06-03,0.215221
2017-06-04,0.097989
2017-06-05,0.172018
2017-06-06,0.158977
2017-06-07,0.09029
2017-06-08,0.000893
2017-06-09,0.101284
2017-06-10,0.201392
2017-06-11,-0.104575
2017-06-12,-0.476002
2017-06-13,-0.067014
2017-06-14,-0.02592
2017-06-15,-0.099112
2017-06-16,-0.470913
2017-06-17,-0.084709
2017-06-18,-0.224033
2017-06-19,0.492145
2017-06-20,0.127061
2017-06-21,-0.276509
2017-06-22,-0.201688
2017-06-23,0.205699
2017-06-24,-0.227701
2017-06-25,-0.144308
2017-06-26,-0.056905
2017-06-27,0.38568
2017-06-28,0.040347
2017-06-29,0.500442
2017-06-30,-0.183957
2017-07-01,-0.324736
2017-07-02,0.101244
2017-07-03,-0.093482
2017-07-04,0.308081
2017-07-05,-0.189388
2017-07-06,-0.027259
2017-07-07,0.30945
2017-07-08,-0.091111
2017-07-09,-0.074925
2017-07-10,-0.008075
2017-07-11,0.234178
2017-07-12,0.020706
2017-07-13,-0.009435
2017-07-14,0.026489
2017-07-15,0.36881
2017-07-16,0.332337
2017-07-17,0.270615
2017-07-18,-0.125466
2017-07-19,0.35134
2017-07-20,0.305133
2017-07-21,-0.103166
2017-07-22,0.299741
2017-07-23,-0.052728
2017-07-24,-0.29849
2017-07-25,0.392205
2017-07-26,0.899034
2017-07-27,0.234599
2017-07-28,0.005255
2017-07-29,-0.033526
2017-07-30,-0.097461
2017-07-31,0.134382
2017-08-01,0.101004
2017-08-02,0.100279
2017-08-03,0.104526
2017-08-04,-0.058404
2017-08-05,0.709318
2017-08-06,0.198198
2017-08-07,0.264919
2017-08-08,-0.152594
2017-08-09,-0.368382
2017-08-10,-0.460138
2017-08-11,-0.023035
2017-08-12,-0.475081
2017-08-13,0.097999
2017-08-14,0.298772
2017-08-15,0.00248
2017-08-16,-0.210188
2017-08-17,0.299248
2017-08-18,-0.342768
2017-08-19,-0.282226
2017-08-20,-0.298704
2017-08-21,-0.359286
2017-08-22,-0.173047
2017-08-23,-0.006579
2017-08-24,0.038979
2017-08-25,0.160308
2017-08-26,-0.218321
2017-08-27,-0.072759
2017-08-28,-0.098496
2017-08-29,-0.098588
2017-08-30,0.160914
2017-08-31,0.294759
2017-09-01,0.398196
2017-09-02,0.015959
2017-09-03,0.69932
2017-09-04,-0.005687
2017-09-05,0.692911
2017-09-06,-0.10503
2017-09-07,-0.2788
2017-09-08,-0.34216
2017-09-09,0.000074
2017-09-10,0.498703
2017-09-11,-0.144038
2017-09-12,0.187352
2017-09-13,0.25444
2017-09-14,0.191507
2017-09-15,-0.190147
2017-09-16,0.626854
2017-09-17,0.220421
2017-09-18,-0.056285
2017-09-19,0.02071
2017-09-20,0.252986
2017-09-21,-0.007117
2017-09-22,0.098929
2017-09-23,-0.013148
2017-09-24,0.198047
2017-09-25,0.211529
2017-09-26,-0.102015
2017-09-27,0.026985
2017-09-28,0.11512
2017-09-29,0.20846
2017-09-30,0.279092
2017-10-01,0.410425
2017-10-02,0.300972
2017-10-03,0.316565
2017-10-04,0.335949
2017-10-05,-0.186224
2017-10-06,0.025252
2017-10-07,-0.196281
2017-10-08,0.597562
2017-10-09,0.425072
2017-10-10,-0.007806
2017-10-11,0.113826
2017-10-12,0.097263
2017-10-13,0.110043
2017-10-14,0.098078
2017-10-15,-0.013262
2017-10-16,0.163333
2017-10-17,-0.148845
2017-10-18,0.318853
2017-10-19,0.431404
2017-10-20,-0.113858
2017-10-21,0.636193
2017-10-22,0.113996
2017-10-23,0.388897
2017-10-24,0.376548
2017-10-25,0.103302
2017-10-26,-0.398204
2017-10-27,0.276814
2017-10-28,0.492557
2017-10-29,0.384785
2017-10-30,0.430019
2017-10-31,0.178289
2017-11-01,0.603891
2017-11-02,0.268302
2017-11-03,0.00318
2017-11-04,0.59731
2017-11-05,0.102406
2017-11-06,0.302667
2017-11-07,0.52214
2017-11-08,0.173253
2017-11-09,0.061349
2017-11-10,0.19822
2017-11-11,-0.006277
2017-11-12,-0.001554
2017-11-13,-0.38557
2017-11-14,0.014177
2017-11-15,-0.096921
2017-11-16,-0.145948
2017-11-17,0.10685
2017-11-18,-0.085114
2017-11-19,-0.105389
2017-11-20,-0.015653
2017-11-21,0.238003
2017-11-22,0.116948
2017-11-23,0.302206
2017-11-24,0.049815
2017-11-25,0.217751
2017-11-26,-0.035253
2017-11-27,0.247285
2017-11-28,0.578182
2017-11-29,0.297593
2017-11-30,0.394497
2017-12-01,0.102926
2017-12-02,0.0198
2017-12-03,0.583811
2017-12-04,0.463122
2017-12-05,-0.016324
2017-12-06,0.300351
2017-12-07,0.471028
2017-12-08,0.380355
2017-12-09,0.648606
2017-12-10,0.105077
2017-12-11,-0.114372
2017-12-12,-0.026029
2017-12-13,0.30877
2017-12-14,0.380037
2017-12-15,0.300037
2017-12-16,0.343664
2017-12-17,0.088114
2017-12-18,0.478602
2017-12-19,0.399618
2017-12-20,0.420018
2017-12-21,0.098781
2017-12-22,0.496447
2017-12-23,0.406205
2017-12-24,0.40152
2017-12-25,0.295187
2017-12-26,-0.225405
2017-12-27,0.314854
2017-12-28,0.200817
2017-12-29,0.210004
2017-12-30,0.158554
2017-12-31,0.467094
2018-01-01,0.342529
2018-01-02,0.396579
2018-01-03,0.426242
2018-01-04,0.3005
2018-01-05,0.397481
2018-01-06,0.043227
2018-01-07,-0.196475
2018-01-08,0.399627
2018-01-09,0.290486
2018-01-10,0.3072
2018-01-11,0.488664
2018-01-12,-0.006007
2018-01-13,0.690948
2018-01-14,-0.140248
2018-01-15,0.464567
2018-01-16,0.146454
2018-01-17,0.22633
2018-01-18,0.087449
2018-01-19,-0.007802
2018-01-20,0.406133
2018-01-21,0.515602
2018-01-22,0.10763
2018-01-23,0.035464
2018-01-24,0.147141
2018-01-25,-0.099693
2018-01-26,0.486881
2018-01-27,0.202239
2018-01-28,0.392225
2018-01-29,0.240768
2018-01-30,-0.09873
2018-01-31,0.271116
2018-02-01,0.158826
2018-02-02,0.21809
2018-02-03,-0.354245
2018-02-04,0.382971
2018-02-05,0.016128
2018-02-06,0.080196
2018-02-07,-0.418002
2018-02-08,-0.259869
2018-02-09,-0.496628
2018-02-10,-0.15579
2018-02-11,-0.149735
2018-02-12,0.275367
2018-02-13,-0.022591
2018-02-14,0.037892
2018-02-15,0.463154
2018-02-16,0.298695
2018-02-17,0.39913
2018-02-18,0.483071
2018-02-19,0.371737
2018-02-20,-0.211927
2018-02-21,0.176722
2018-02-22,0.304293
2018-02-23,0.19567
2018-02-24,0.007247
2018-02-25,0.003454
2018-02-26,-0.197886
2018-02-27,-0.194966
2018-02-28,0.100146
2018-03-01,-0.275739
2018-03-02,0.099831
2018-03-03,-0.098726
2018-03-04,-0.456397
2018-03-05,0.101553
2018-03-06,-0.154405
2018-03-07,-0.199686
2018-03-08,-0.095548
2018-03-09,0.08706
2018-03-10,0.499245
2018-03-11,0.09093
2018-03-12,0.232714
2018-03-13,0.401456
2018-03-14,0.499218
2018-03-15,-0.095697
2018-03-16,-0.193993
2018-03-17,-0.00047
2018-03-18,0.2001
2018-03-19,-0.476818
2018-03-20,-0.465465
2018-03-21,0.202898
2018-03-22,-0.000542
2018-03-23,0.124468
2018-03-24,0.08782
2018-03-25,-0.021651
2018-03-26,-0.39387
2018-03-27,0.205333
2018-03-28,-0.497529
2018-03-29,0.136309
2018-03-30,-0.12484
2018-03-31,-0.463757
2018-04-01,0.118947
2018-04-02,-0.221613
2018-04-03,-0.276339
2018-04-04,0.177616
2018-04-05,-0.353601
2018-04-06,-0.191508
2018-04-07,-0.105904
2018-04-08,-0.221687
2018-04-09,-0.095162
2018-04-10,-0.437147
2018-04-11,0.315995
2018-04-12,0.114349
2018-04-13,0.498573
2018-04-14,0.000917
2018-04-15,0.317013
2018-04-16,0.193607
2018-04-17,0.110381
2018-04-18,-0.38755
2018-04-19,0.324723
2018-04-20,-0.188483
2018-04-21,-0.143953
2018-04-22,0.105086
2018-04-23,0.007628
2018-04-24,0.247416
2018-04-25,0.232549
2018-04-26,0.337454
2018-04-27,0.099008
2018-04-28,-0.097792
2018-04-30,0.144342
2018-05-01,-0.093005
2018-05-02,0.205341
2018-05-03,0.394389
2018-05-04,0.002439
2018-05-05,-0.021715
2018-05-06,0.391713
2018-05-07,0.109762
2018-05-08,0.016448
2018-05-09,0.530885
2018-05-10,-0.076469
2018-05-11,0.523409
2018-05-12,0.398948
2018-05-13,0.696142
2018-05-14,0.599501
2018-05-15,-0.09906
2018-05-16,0.212861
2018-05-17,-0.205243
2018-05-18,0.595571
2018-05-19,0.102038
2018-05-20,0.050461
2018-05-21,0.700881
2018-05-22,0.298572
2018-05-23,-0.227752
2018-05-24,0.10263
2018-05-25,0.598715
2018-05-26,-0.29771
2018-05-27,-0.097449
2018-05-28,0.343701
2018-05-29,0.285478
2018-05-30,0.600985
2018-05-31,0.399736
2018-06-01,-0.293671
2018-06-02,-0.300022
2018-06-03,0.551123
2018-06-04,0.298813
2018-06-05,-0.01356
2018-06-06,0.054162
2018-06-07,0.401714
2018-06-08,-0.052978
2018-06-09,-0.497388
2018-06-10,0.100167
2018-06-11,-0.089689
2018-06-12,0.598555
2018-06-13,0.453966
2018-06-14,-0.252033
2018-06-15,0.202289
2018-06-16,-0.169558
2018-06-17,-0.319348
2018-06-18,-0.19971
2018-06-19,-0.488472
2018-06-20,0.104688
2018-06-21,0.116109
2018-06-22,0.357837
2018-06-23,-0.276478
2018-06-24,-0.006046
2018-06-25,-0.198492
2018-06-26,-0.302712
2018-06-27,0.000484
2018-06-28,0.026451
2018-06-29,0.084263
2018-06-30,0.101001
2018-07-01,0.291259
2018-07-02,-0.092739
2018-07-03,-0.196983
2018-07-04,-0.165876
2018-07-05,0.297634
2018-07-06,-0.003068
2018-07-07,0.287967
2018-07-08,0.692147
2018-07-09,0.248098
2018-07-10,0.099408
2018-07-11,0.300011
2018-07-12,-0.093303
2018-07-13,0.298788
2018-07-14,0.434518
2018-07-15,0.229219
2018-07-16,0.24174
2018-07-17,-0.43824
2018-07-18,0.299322
2018-07-19,0.084677
2018-07-20,-0.04
2018-07-21,0.411062
2018-07-22,0.300514
2018-07-23,-0.436273
2018-07-24,0.526853
2018-07-25,-0.014251
2018-07-26,0.366879
2018-07-27,0.485988
2018-07-28,0.210432
2018-07-29,-0.100777
2018-07-30,0.15797
2018-07-31,0.001915
2018-08-01,0.190971
2018-08-02,-0.297121
2018-08-03,0.108284
2018-08-04,0.29647
2018-08-05,0.105284
2018-08-06,0.209761
2018-08-07,-0.080254
2018-08-08,0.299525
2018-08-09,-0.271238
2018-08-10,-0.296672
2018-08-11,-0.244101
2018-08-12,-0.096341
2018-08-13,-0.426251
2018-08-14,-0.397231
2018-08-15,-0.398137
2018-08-16,0.206324
2018-08-17,-0.099654
2018-08-18,-0.200859
2018-08-19,0.333104
2018-08-20,0.096143
2018-08-21,0.346699
2018-08-22,0.546282
2018-08-23,-0.312013
2018-08-24,-0.140815
2018-08-25,0.009204
2018-08-26,0.099515
2018-08-27,0.399958
2018-08-28,0.30641
2018-08-29,0.017645
2018-08-30,-0.092413
2018-08-31,0.2042
2018-09-01,0.798828
2018-09-02,0.298183
2018-09-03,0.115503
2018-09-04,0.213056
2018-09-05,-0.013954
2018-09-06,-0.027965
2018-09-07,-0.190882
2018-09-08,-0.119248
2018-09-09,-0.225823
2018-09-10,-0.025417
2018-09-11,0.021079
2018-09-12,0.268094
2018-09-13,0.200231
2018-09-14,-0.197505
2018-09-15,-0.150253
2018-09-16,0.107503
2018-09-17,0.31743
2018-09-18,0.422944
2018-09-19,0.222644
2018-09-20,-0.003769
2018-09-21,0.00382
2018-09-22,0.034179
2018-09-23,0.165103
2018-09-24,0.091443
2018-09-25,-0.214541
2018-09-26,-0.002596
2018-09-27,0.099393
2018-09-28,0.455744
2018-09-29,0.37473
2018-09-30,-0.018709
2018-10-01,0.39889
2018-10-02,0.384605
2018-10-03,0.35781
2018-10-04,-0.100404
2018-10-05,-0.300603
2018-10-06,-0.04264
2018-10-07,0.273076
2018-10-08,-0.18251
2018-10-09,0.277334
2018-10-10,-0.447999
2018-10-11,-0.200422
2018-10-12,-0.308612
2018-10-13,-0.350329
2018-10-14,-0.069807
2018-10-15,-0.362315
2018-10-16,0.008477
2018-10-17,0.00054
2018-10-19,-0.038312
2018-10-20,0.578861
2018-10-21,-0.161867
2018-10-22,-0.159054
2018-10-23,-0.159181
2018-10-24,-0.408219
2018-10-25,-0.494712
2018-10-26,-0.102733
2018-10-27,-0.228501
2018-10-28,-0.302415
2018-10-29,-0.534876
2018-10-30,0.103922
2018-10-31,-0.221304
2018-11-01,-0.28579
2018-11-02,-0.143831
2018-11-03,0.179584
2018-11-04,-0.199706
2018-11-05,-0.132983
2018-11-06,-0.265467
2018-11-07,0.399537
2018-11-08,-0.10245
2018-11-09,-0.138446
2018-11-10,0.150576
2018-11-11,-0.025095
2018-11-12,0.007313
2018-11-13,-0.099878
2018-11-14,-0.296058
2018-11-15,-0.097301
2018-11-16,-0.396806
2018-11-17,-0.003549
2018-11-18,-0.299532
2018-11-19,-0.092038
2018-11-20,-0.373742
2018-11-21,-0.380933
2018-11-22,0.157231
2018-11-23,-0.662726
2018-11-24,0.000233
2018-11-25,-0.085669
2018-11-26,-0.402049
2018-11-27,-0.280213
2018-11-28,-0.197558
2018-11-29,-0.468534
2018-11-30,0.333961
2018-12-01,0.310788
2018-12-02,-0.051221
2018-12-03,-0.197954
2018-12-04,0.300219
2018-12-05,0.007648
2018-12-06,-0.372013
2018-12-07,-0.267752
2018-12-08,-0.532372
2018-12-09,-0.297471
2018-12-10,-0.196871
2018-12-11,-0.589228
2018-12-12,0.101442
2018-12-13,-0.10006
2018-12-14,-0.322099
2018-12-15,-0.411147
2018-12-16,0.298951
2018-12-17,-0.293201
2018-12-18,0.126133
2018-12-19,-0.45725
2018-12-20,-0.007658
2018-12-21,0.10389
2018-12-22,-0.079003
2018-12-23,-0.098509
2018-12-24,-0.14386
2018-12-25,-0.218418
2018-12-26,0.062743
2018-12-27,-0.423889
2018-12-28,-0.228025
2018-12-29,-0.348237
2018-12-30,0.103798
2018-12-31,0.197569
2019-01-01,-0.006203
2019-01-02,-0.254943
2019-01-03,0.000948
2019-01-04,0.197756
2019-01-05,0.213399
2019-01-06,0.490459
2019-01-07,-0.282968
2019-01-08,0.488463
2019-01-09,-0.331142
2019-01-10,-0.16059
2019-01-11,-0.116431
2019-01-12,0.300824
2019-01-13,0.214379
2019-01-14,-0.368929
2019-01-15,0.497188
2019-01-16,0.232548
2019-01-17,-0.411306
2019-01-18,-0.11157
2019-01-19,0.169866
2019-01-20,-0.157149
2019-01-21,0.082761
2019-01-22,0.38487
2019-01-23,-0.687718
2019-01-24,0.099059
2019-01-25,0.047158
2019-01-26,0.014869
2019-01-27,0.46368
2019-01-28,0.07529
2019-01-29,-0.073414
2019-01-30,0.498428
2019-01-31,-0.195872
2019-02-01,0.380584
2019-02-02,0.499116
2019-02-03,0.179444
2019-02-04,0.325675
2019-02-05,-0.056989
2019-02-06,0.041995
2019-02-07,-0.138198
2019-02-08,0.037763
2019-02-09,-0.200158
2019-02-10,-0.110159
2019-02-11,0.101141
2019-02-12,0.199994
2019-02-13,-0.03614
2019-02-14,0.200772
2019-02-15,-0.111176
2019-02-16,-0.594001
2019-02-17,0.193979
2019-02-18,0.558638
2019-02-19,0.299313
2019-02-20,0.048702
2019-02-21,0.199586
2019-02-22,0.39106
2019-02-23,0.300832
2019-02-24,0.497618
2019-02-25,-0.275197
2019-02-26,0.123427
2019-02-27,-0.099076
2019-02-28,-0.106045
2019-03-01,-0.096662
2019-03-02,-0.160777
2019-03-03,-0.094683
2019-03-04,0.291458
2019-03-05,-0.08071
2019-03-06,0.094279
2019-03-07,-0.442454
2019-03-08,0.112392
2019-03-10,-0.034147
2019-03-12,-0.09369
2019-03-13,0.04772
2019-03-14,-0.183196
2019-03-15,-0.000107
2019-03-16,-0.180429
2019-03-17,-0.111988
2019-03-18,0.554698
2019-03-19,0.350629
2019-03-20,-0.20963
2019-03-21,0.000548
2019-03-22,0.137052
2019-03-23,-0.086359
2019-03-24,-0.076991
2019-03-25,-0.410866
2019-03-26,0.189494
2019-03-27,-0.194964
2019-03-28,-0.192471
2019-03-29,-0.159446
2019-03-30,0.1817
2019-03-31,0.094179
2019-04-01,0.109147
2019-04-02,0.141575
2019-04-03,0.799361
2019-04-04,-0.464466
2019-04-05,0.259395
2019-04-06,0.394856
2019-04-07,0.691816
2019-04-08,-0.201313
2019-04-09,-0.095803
2019-04-10,0.498497
2019-04-11,0.391634
2019-04-12,-0.083111
2019-04-13,0.7036
2019-04-14,0.380553
2019-04-15,0.124729
2019-04-16,0.083557
2019-04-17,-0.583209
2019-04-18,0.299073
2019-04-19,0.194948
2019-04-20,0.228075
2019-04-21,0.062573
2019-04-22,-0.298578
2019-04-23,0.15308
2019-04-24,0.204474
2019-04-25,0.301094
2019-04-26,0.400149
2019-04-27,0.279265
2019-04-28,0.708398
2019-04-29,0.203351
2019-04-30,0.103894
2019-05-01,0.401477
2019-05-02,0.196276
2019-05-03,0.304338
2019-05-04,0.502457
2019-05-05,0.500437
2019-05-06,0.18104
2019-05-07,0.138152
2019-05-08,0.175029
2019-05-09,-0.011879
2019-05-10,-0.001066
2019-05-11,-0.393896
2019-05-12,-0.270156
2019-05-13,0.285647
2019-05-14,-0.460445
2019-05-15,0.087061
2019-05-16,-0.03701
2019-05-17,-0.391588
2019-05-18,0.201455
2019-05-19,-0.373592
2019-05-20,-0.004757
2019-05-21,-0.140246
2019-05-22,-0.688226
2019-05-23,-0.496863
2019-05-24,-0.475744
2019-05-25,-0.297127
2019-05-26,-0.151365
2019-05-27,-0.295805
2019-05-28,-0.134385
2019-05-29,-0.585568
2019-05-30,0.218888
2019-05-31,0.38779
2019-06-01,-0.171934
2019-06-02,-0.288548
2019-06-03,-0.441502
2019-06-04,0.294886
2019-06-05,0.104853
2019-06-06,-0.1991
2019-06-07,0.127762
2019-06-08,0.013646
2019-06-09,0.379212
2019-06-10,0.199077
2019-06-11,0.148974
2019-06-12,-0.175765
2019-06-13,0.305343
2019-06-14,-0.090916
2019-06-15,0.365352
2019-06-16,0.258009
2019-06-17,0.326863
2019-06-18,-0.089578
2019-06-19,-0.043559
2019-06-20,-0.03473
2019-06-21,-0.07204
2019-06-22,0.234716
2019-06-23,0.395721
2019-06-24,0.49382
2019-06-25,0.090721
2019-06-26,0.133905
2019-06-27,-0.489182
2019-06-28,-0.199058
2019-06-29,-0.203434
2019-06-30,0.001208
2019-07-01,-0.317422
2019-07-02,0.599355
2019-07-03,0.355478
2019-07-04,0.08808
2019-07-05,0.099949
2019-07-06,0.289726
2019-07-07,0.436317
2019-07-08,-0.060688
2019-07-09,0.21817
2019-07-10,-0.116708
2019-07-11,0.301586
2019-07-12,0.307962
2019-07-13,0.011939
2019-07-14,-0.064555
2019-07-15,0.300589
2019-07-16,0.273492
2019-07-17,-0.354884
2019-07-18,-0.600015
2019-07-19,0.504399
2019-07-20,0.314536
2019-07-21,0.098033
2019-07-22,0.098355
2019-07-23,0.100688
2019-07-24,-0.283957
2019-07-25,0.362436
2019-07-26,-0.145201
2019-07-27,0.103811
2019-07-28,-0.280705
2019-07-29,0.387069
2019-07-30,-0.088434
2019-07-31,0.147716
2019-08-01,-0.095948
2019-08-02,0.351551
2019-08-03,0.093222
2019-08-04,-0.368782
2019-08-05,-0.099633
2019-08-06,-0.258699
2019-08-07,-0.253235
2019-08-08,-0.274222
2019-08-09,-0.359296
2019-08-10,-0.422314
2019-08-11,-0.171712
2019-08-12,0.188313
2019-08-13,-0.322947
2019-08-14,-0.096272
2019-08-15,-0.168303
2019-08-16,0.001918
2019-08-17,-0.372974
2019-08-18,-0.288918
2019-08-19,-0.398162
2019-08-20,-0.005705
2019-08-21,-0.03382
2019-08-22,-0.09928
2019-08-23,0.077173
2019-08-24,-0.197573
2019-08-25,-0.4544
2019-08-26,-0.282677
2019-08-27,0.000701
2019-08-28,0.555352
2019-08-29,0.08444
2019-08-30,-0.033241
2019-08-31,-0.589042
2019-09-01,-0.015232
2019-09-02,-0.393585
2019-09-03,-0.351443
2019-09-04,-0.217173
2019-09-05,0.013447
2019-09-06,0.336678
2019-09-07,0.289915
2019-09-08,0.500082
2019-09-09,0.040324
2019-09-10,-0.223998
2019-09-11,0.302212
2019-09-12,0.599593
2019-09-13,0.171004
2019-09-14,0.263857
2019-09-15,0.36137
2019-09-16,-0.038863
2019-09-17,0.171516
2019-09-18,-0.098368
2019-09-19,0.017474
2019-09-20,-0.024014
2019-09-21,0.090879
2019-09-22,0.082907
2019-09-23,-0.098387
2019-09-24,0.011124
2019-09-25,-0.019148
2019-09-26,-0.091663
2019-09-27,0.001846
2019-09-28,-0.159484
2019-09-29,-0.102343
2019-09-30,-0.097749
2019-10-01,0.493923
2019-10-02,-0.034805
2019-10-03,-0.315636
2019-10-04,-0.070805
2019-10-05,-0.326017
2019-10-06,0.253479
2019-10-07,-0.001439
2019-10-08,0.119747
2019-10-09,0.382627
2019-10-10,0.22512
2019-10-11,-0.161311
2019-10-12,0.244906
2019-10-13,-0.19018
2019-10-14,0.30742
2019-10-15,0.197204
2019-10-16,-0.329625
2019-10-17,0.4333
2019-10-18,-0.133047
2019-10-19,0.524444
2019-10-20,0.00114
2019-10-21,0.149452
2019-10-22,-0.105627
2019-10-23,0.128469
2019-10-24,0.276392
2019-10-25,-0.297315
2019-10-26,0.598806
2019-10-27,0.087193
2019-10-28,-0.069004
2019-10-29,0.23417
2019-10-30,0.094752
2019-10-31,0.16652
2019-11-01,0.104248
2019-11-02,0.431091
2019-11-03,0.198884
2019-11-04,0.107773
2019-11-05,0.280708
2019-11-06,-0.09816
2019-11-07,-0.108757
2019-11-08,-0.393478
2019-11-09,-0.039368
2019-11-10,0.400466
2019-11-11,0.189524
2019-11-12,0.087293
2019-11-13,0.418289
2019-11-14,0.299483
2019-11-15,0.315222
2019-11-16,0.197033
2019-11-17,0.296588
2019-11-18,0.287481
2019-11-19,0.28726
2019-11-20,0.003631
2019-11-21,0.381017
2019-11-22,0.460052
2019-11-23,0.610962
2019-11-24,0.261185
2019-11-25,0.070209
2019-11-26,0.229875
2019-11-27,-0.02638
2019-11-28,0.307606
2019-11-29,0.497195
2019-11-30,0.585504
2019-12-01,-0.000667
2019-12-02,0.393649
2019-12-03,0.00174
2019-12-04,0.696946
2019-12-05,0.196465
2019-12-06,0.002547
2019-12-07,0.77355
2019-12-08,0.717143
2019-12-09,-0.243764
2019-12-10,0.498409
2019-12-11,0.474296
2019-12-12,0.509846
2019-12-13,0.405072
2019-12-14,0.599501
2019-12-15,0.43354
2019-12-16,0.296964
2019-12-17,0.58027
2019-12-18,-0.199343
2019-12-19,0.451076
2019-12-20,0.381759
2019-12-21,0.454007
2019-12-22,0.564726
2019-12-23,0.24366
2019-12-24,0.304477
2019-12-25,0.056389
2019-12-26,0.479907
2019-12-27,0.594216
2019-12-28,0.157079
2019-12-29,0.193293
2019-12-30,0.489541
2019-12-31,0.323362
2020-01-01,0.232151
2020-01-02,0.297979
2020-01-03,-0.027138
2020-01-04,-0.497576
2020-01-05,0.304124
2020-01-06,0.029182
2020-01-07,0.013985
2020-01-08,-0.206835
2020-01-09,0.526593
2020-01-10,-0.173469
2020-01-11,0.109296
2020-01-12,0.491256
2020-01-13,-0.098036
2020-01-14,0.081696
2020-01-15,-0.208041
2020-01-16,0.306157
2020-01-17,0.358292
2020-01-18,0.399777
2020-01-19,0.299459
2020-01-20,0.142458
2020-01-21,-0.193662
2020-01-22,0.39664
2020-01-23,0.136407
2020-01-24,0.610338
2020-01-25,0.201746
2020-01-26,0.393899
2020-01-27,-0.201018
2020-01-28,0.105187
2020-01-29,0.225224
2020-01-30,-0.011711
2020-01-31,-0.295103
2020-02-01,-0.104031
2020-02-02,-0.071323
2020-02-03,0.01062
2020-02-04,0.336153
2020-02-05,-0.350943
2020-02-06,0.176553
2020-02-07,-0.247462
2020-02-08,0.716996
2020-02-09,0.013148
2020-02-10,0.218004
2020-02-11,0.198882
2020-02-12,0.073409
2020-02-13,0.004348
2020-02-14,0.167609
2020-02-15,0.018257
2020-02-16,0.10232
2020-02-17,0.044089
2020-02-18,-0.221004
2020-02-19,0.424586
2020-02-20,0.125354
2020-02-21,-0.10903
2020-02-22,-0.288114
2020-02-23,-0.28998
2020-02-24,-0.293282
2020-02-25,-0.261772
2020-02-26,-0.578964
2020-02-27,-0.298302
2020-02-28,-0.109732
2020-02-29,-0.337043
2020-03-01,-0.185874
2020-03-02,-0.477091
2020-03-03,-0.185346
2020-03-04,-0.055929
2020-03-05,-0.483824
2020-03-06,-0.198084
2020-03-09,-0.235554
2020-03-10,-0.50308
2020-03-11,0.00888
2020-03-12,-0.282699
2020-03-13,-0.302594
2020-03-14,-0.362755
2020-03-15,-0.161353
2020-03-16,-0.190496
2020-03-17,0.171118
2020-03-18,-0.291537
2020-03-19,0.216282
2020-03-20,-0.210314
2020-03-21,-0.297773
2020-03-22,-0.180001
2020-03-23,-0.221551
2020-03-24,-0.082681
2020-03-25,-0.197818
2020-03-26,-0.272197
2020-03-27,0.035383
2020-03-28,0.055953
2020-03-29,0.433003
2020-03-30,0.003055
2020-03-31,-0.189732
2020-04-01,0.009478
2020-04-02,0.202747
2020-04-03,-0.011378
2020-04-04,-0.319273
2020-04-05,-0.098783
2020-04-06,0.093462
2020-04-07,-0.070889
2020-04-08,-0.594272
2020-04-09,-0.227877
2020-04-11,0.086908
2020-04-12,0.15489
2020-04-13,0.169061
2020-04-14,0.240094
2020-04-15,0.101616
2020-04-16,-0.140983
2020-04-17,0.109259
2020-04-18,0.397403
2020-04-19,0.10349
2020-04-20,0.055035
2020-04-21,0.002428
2020-04-22,-0.100729
2020-04-23,0.101292
2020-04-24,-0.197048
2020-04-25,-0.151532
2020-04-26,0.047798
2020-04-27,0.218018
2020-04-28,0.052539
2020-04-29,0.109666
2020-04-30,-0.196238
2020-05-01,0.097671
2020-05-02,0.300629
2020-05-03,-0.352579
2020-05-04,-0.158842
2020-05-05,0.022137
2020-05-06,0.254377
2020-05-07,-0.019232
2020-05-08,-0.230658
2020-05-09,-0.010692
2020-05-10,-0.089582
2020-05-11,-0.128041
2020-05-12,0.151263
2020-05-13,-0.010042
2020-05-15,-0.291266
2020-05-16,0.02363
2020-05-17,-0.158975
2020-05-18,-0.19464
2020-05-19,-0.137001
2020-05-20,0.001936
2020-05-21,0.502738
2020-05-22,0.298236
2020-05-23,0.274497
2020-05-24,0.006084
2020-05-25,-0.226769
2020-05-26,0.003488
2020-05-27,0.103209
2020-05-28,0.798954
2020-05-29,-0.003858
2020-05-30,0.619928
2020-05-31,0.086194
2020-06-01,-0.495013
2020-06-02,0.32232
2020-06-03,0.016598
2020-06-04,0.155373
2020-06-05,0.005481
2020-06-06,0.30163
2020-06-07,0.126395
2020-06-08,0.232481
2020-06-09,0.535656
2020-06-10,0.219824
2020-06-11,0.327277
2020-06-12,-0.239825
2020-06-13,0.231058
2020-06-14,-0.179407
2020-06-15,0.080456
2020-06-16,0.176036
2020-06-17,0.499442
2020-06-18,0.053551
2020-06-19,-0.171343
2020-06-20,-0.177576
2020-06-21,-0.032595
2020-06-22,0.06579
2020-06-23,0.078083
2020-06-24,0.224161
2020-06-25,0.153155
2020-06-26,-0.197156
2020-06-27,-0.100951
2020-06-28,-0.051344
2020-06-29,-0.117949
2020-06-30,0.10077
2020-07-01,0.000325
2020-07-02,0.461373
2020-07-03,0.031462
2020-07-04,0.44595
2020-07-05,0.376318
2020-07-06,-0.160634
2020-07-07,-0.293515
2020-07-08,0.396186
2020-07-09,0.503553
2020-07-10,-0.28949
2020-07-11,0.004508
2020-07-12,0.484529
2020-07-13,0.499193
2020-07-14,-0.070978
2020-07-15,0.137677
2020-07-16,-0.086787
2020-07-17,0.009071
2020-07-18,0.350084
2020-07-19,-0.393541
2020-07-20,0.199917
2020-07-21,0.211443
2020-07-22,-0.04729
2020-07-23,0.097133
2020-07-24,-0.252195
2020-07-25,0.278944
2020-07-26,0.008697
2020-07-27,-0.001342
2020-07-28,0.503626
2020-07-29,-0.391075
2020-07-30,0.299617
2020-07-31,-0.498711
2020-08-01,0.598114
2020-08-02,0.328847
2020-08-03,-0.004998
2020-08-04,0.398513
2020-08-05,0.027642
2020-08-06,0.203466
2020-08-07,-0.058418
2020-08-08,-0.099355
2020-08-09,0.099637
2020-08-10,0.306188
2020-08-11,0.04815
2020-08-12,-0.059962
2020-08-13,0.295537
2020-08-14,0.243752
2020-08-15,0.495705
2020-08-16,0.01014
2020-08-17,-0.366675
2020-08-18,0.295706
2020-08-19,0.240966
2020-08-20,-0.088643
2020-08-21,0.106652
2020-08-22,0.376184
2020-08-23,0.02848
2020-08-24,0.59943
2020-08-25,0.589235
2020-08-26,0.320057
2020-08-27,0.59239
2020-08-28,0.029282
2020-08-29,-0.092657
2020-08-30,0.337658
2020-08-31,0.547753
2020-09-01,-0.11295
2020-09-02,0.085544
2020-09-03,0.32653
2020-09-04,-0.191155
2020-09-05,0.165646
2020-09-06,0.236454
2020-09-07,-0.104559
2020-09-08,-0.11439
2020-09-09,-0.094769
2020-09-10,-0.250927
2020-09-11,0.488993
2020-09-12,-0.042515
2020-09-13,0.401113
2020-09-14,0.089919
2020-09-15,-0.186106
2020-09-16,0.101183
2020-09-17,-0.129332
2020-09-18,0.367807
2020-09-20,-0.129787
2020-09-21,-0.083664
2020-09-23,0.10895
2020-09-24,0.051686
2020-09-25,-0.150855
2020-09-26,0.209233
2020-09-27,-0.017225
2020-09-28,-0.052506
2020-09-29,0.221348
2020-09-30,-0.198883
2020-10-01,0.373076
2020-10-02,-0.253987
2020-10-03,0.133617
2020-10-04,-0.024384
2020-10-05,-0.156491
2020-10-06,0.278226
2020-10-07,0.121385
2020-10-08,0.07855
2020-10-09,0.270994
2020-10-10,0.378884
2020-10-11,0.212491
2020-10-12,0.013443
2020-10-13,0.179551
2020-10-14,0.011396
2020-10-15,0.206678
2020-10-16,0.359176
2020-10-17,0.363136
2020-10-18,0.423662
2020-10-19,0.039728
2020-10-20,0.59219
2020-10-21,0.123372
2020-10-22,0.029018
2020-10-23,0.180185
2020-10-24,-0.371076
2020-10-25,0.360372
2020-10-26,-0.011959
2020-10-27,-0.027729
2020-10-28,-0.317987
2020-10-29,0.293497
2020-10-30,0.19842
2020-10-31,0.171223
2020-11-01,-0.079214
2020-11-02,0.099295
2020-11-03,-0.495423
2020-11-04,0.591495
2020-11-05,0.38678
2020-11-06,0.553612
2020-11-07,0.243257
2020-11-08,-0.003507
2020-11-09,0.792425
2020-11-10,0.398571
2020-11-11,0.519342
2020-11-12,0.000044
2020-11-13,0.615762
2020-11-14,0.490839
2020-11-15,0.399447
2020-11-16,-0.069827
2020-11-17,0.336546
2020-11-18,0.134113
2020-11-19,-0.374871
2020-11-20,0.27047
2020-11-21,-0.433559
2020-11-22,0.104948
2020-11-23,-0.000394
2020-11-24,0.230468
2020-11-25,0.467126
2020-11-26,0.030525
2020-11-27,0.399827
2020-11-28,0.231161
2020-11-29,0.103201
2020-11-30,0.192463
2020-12-01,0.279488
2020-12-02,0.108903
2020-12-03,-0.248877
2020-12-04,-0.209485
2020-12-05,-0.07228
2020-12-06,-0.292154
2020-12-07,0.190271
2020-12-08,0.107912
2020-12-09,0.113496
2020-12-10,-0.071439
2020-12-11,-0.393522
2020-12-12,-0.228528
2020-12-13,0.07089
2020-12-14,0.346684
2020-12-15,0.273109
2020-12-16,0.111468
2020-12-17,0.241805
2020-12-18,0.474567
2020-12-19,-0.001678
2020-12-20,-0.050665
2020-12-21,0.299363
2020-12-22,0.132031
2020-12-23,0.171939
2020-12-24,0.148428
2020-12-25,0.261629
2020-12-26,-0.479067
2020-12-27,0.117204
2020-12-28,0.206705
2020-12-29,0.499195
2020-12-30,0.100379
2020-12-31,0.035086
2021-01-01,-0.008235
2021-01-02,-0.095201
2021-01-03,-0.026672
2021-01-04,-0.03484
2021-01-05,-0.142253
2021-01-06,-0.20479
2021-01-07,0.297358
2021-01-08,0.369273
2021-01-09,0.008074
2021-01-10,0.434705
2021-01-11,0.028358
2021-01-12,0.081031
2021-01-13,-0.22678
2021-01-14,-0.036256
2021-01-15,-0.119332
2021-01-16,0.107121
2021-01-17,0.167825
2021-01-18,0.276811
2021-01-19,0.102352
2021-01-20,0.197942
2021-01-21,0.264604
2021-01-22,0.020046
2021-01-23,0.030319
2021-01-24,-0.08729
2021-01-25,0.416057
2021-01-26,0.066114
2021-01-27,0.369116
2021-01-28,0.16487
2021-01-29,0.135086
2021-01-30,0.179573
2021-01-31,-0.15681
2021-02-01,0.10997
2021-02-02,-0.161434
2021-02-03,0.435934
2021-02-04,0.670337
2021-02-05,-0.201796
2021-02-06,0.607582
2021-02-07,0.302728
2021-02-08,0.007352
2021-02-09,-0.086308
2021-02-10,0.203079
2021-02-11,-0.104696
2021-02-12,0.119563
2021-02-13,0.624504
2021-02-14,0.471522
2021-02-15,0.499347
2021-02-16,0.337075
2021-02-17,0.590214
2021-02-18,0.522821
2021-02-19,-0.096037
2021-02-20,0.61097
2021-02-21,0.066796
2021-02-22,0.109386
2021-02-23,0.395921
2021-02-24,0.387699
2021-02-25,0.531821
2021-02-26,-0.298827
2021-02-27,0.095998
2021-02-28,-0.028716
2021-03-01,-0.272803
2021-03-02,0.144651
2021-03-03,0.381996
2021-03-04,-0.192499
2021-03-05,0.00224
2021-03-06,0.407499
2021-03-07,-0.258976
2021-03-08,0.211697
2021-03-09,0.137698
2021-03-10,0.309429
2021-03-11,0.559839
2021-03-12,0.397094
2021-03-13,0.729246
2021-03-15,-0.005971
2021-03-16,-0.004487
2021-03-17,-0.099207
2021-03-18,0.488465
2021-03-19,0.202721
2021-03-20,0.312999
2021-03-21,-0.082916
2021-03-22,0.116164
2021-03-23,0.498542
2021-03-24,0.193559
2021-03-25,0.383088
2021-03-26,0.217294
2021-03-27,0.31744
2021-03-28,0.200709
2021-03-29,-0.18222
2021-03-30,-0.050948
2021-03-31,0.339831
2021-04-01,0.698292
2021-04-02,0.407254
2021-04-03,0.680682
2021-04-04,0.77658
2021-04-05,0.728559
2021-04-06,0.109117
2021-04-07,0.199376
2021-04-08,0.400463
2021-04-09,0.599348
2021-04-10,0.160047
2021-04-11,0.557618
2021-04-12,0.200678
2021-04-13,0.311213
2021-04-14,0.579563
2021-04-15,0.362219
2021-04-16,-0.319852
2021-04-17,0.295231
2021-04-18,0.239623
2021-04-19,0.450183
2021-04-20,0.116107
2021-04-21,0.412597
2021-04-22,0.298175
2021-04-23,0.216152
2021-04-24,0.381156
2021-04-25,0.216665
2021-04-26,-0.026139
2021-04-27,0.485153
2021-04-28,0.10085
2021-04-29,0.431603
2021-04-30,0.536382
2021-05-01,0.200296
2021-05-02,0.123355
2021-05-03,0.199762
2021-05-04,0.27025
2021-05-05,0.090712
2021-05-06,-0.098146
2021-05-07,0.161642
2021-05-08,0.21557
2021-05-09,0.209684
2021-05-10,0.409028
2021-05-11,0.000944
2021-05-12,-0.433524
2021-05-13,-0.249005
2021-05-14,0.094204
2021-05-15,-0.046346
2021-05-16,0.215828
2021-05-17,0.00213
2021-05-18,0.128656
2021-05-19,0.399857
2021-05-20,-0.390105
2021-05-21,-0.236778
2021-05-22,-0.07395
2021-05-23,0.076272
2021-05-24,0.071128
2021-05-25,0.199738
2021-05-26,0.222557
2021-05-27,0.180009
2021-05-28,0.314101
2021-05-29,0.415623
2021-05-30,0.022931
2021-05-31,0.321525
2021-06-01,0.299304
2021-06-02,-0.198019
2021-06-03,0.111286
2021-06-04,0.161735
2021-06-05,-0.000633
2021-06-06,0.190466
2021-06-07,0.669423
2021-06-08,0.148082
2021-06-09,0.36912
2021-06-10,0.497953
2021-06-11,0.643963
2021-06-12,0.408493
2021-06-13,0.091096
2021-06-14,-0.120233
2021-06-15,0.68285
2021-06-16,0.288231
2021-06-17,-0.205622
2021-06-18,0.217859
2021-06-19,0.210558
2021-06-20,0.155427
2021-06-21,0.198283
2021-06-22,0.134852
2021-06-23,0.331291
2021-06-24,0.444682
2021-06-25,0.234003
2021-06-26,0.589329
2021-06-27,0.349618
2021-06-28,0.599086
2021-06-29,-0.120297
2021-06-30,0.401287
2021-07-01,0.379831
2021-07-02,-0.079703
2021-07-03,0.397523
2021-07-04,0.002976
2021-07-05,0.371797
2021-07-06,0.135826
2021-07-07,-0.009517
2021-07-08,-0.168108
2021-07-09,0.203226
2021-07-10,0.253635
2021-07-11,0.682106
2021-07-12,-0.130785
2021-07-13,-0.013799
2021-07-14,0.18574
2021-07-15,0.062145
2021-07-16,0.192391
2021-07-17,-0.06561
2021-07-18,-0.150479
2021-07-19,-0.203285
2021-07-20,0.070196
2021-07-21,0.068043
2021-07-22,0.492938
2021-07-23,0.408855
2021-07-24,0.095908
2021-07-25,-0.201509
2021-07-26,0.149854
2021-07-27,0.203893
2021-07-28,0.300751
2021-07-29,0.056095
2021-07-30,0.04186
2021-07-31,0.301672
2021-08-01,0.124525
2021-08-02,0.182726
2021-08-03,0.06271
2021-08-04,0.371191
2021-08-05,0.471145
2021-08-06,0.077126
2021-08-07,0.191661
2021-08-08,0.000345
2021-08-09,0.156699
2021-08-10,0.599822
2021-08-11,-0.224146
2021-08-12,0.005603
2021-08-13,-0.170242
2021-08-14,0.201982
2021-08-15,0.393523
2021-08-16,0.203271
2021-08-17,0.096472
2021-08-18,0.108668
2021-08-19,-0.093003
2021-08-20,-0.300854
2021-08-21,-0.174044
2021-08-22,0.137908
2021-08-23,0.033457
2021-08-24,0.599156
2021-08-25,0.219016
2021-08-26,0.213306
2021-08-27,0.202325
2021-08-28,0.592671
2021-08-29,0.24319
2021-08-30,0.090448
2021-08-31,0.518459
2021-09-01,-0.181255
2021-09-02,0.897903
2021-09-03,-0.235831
2021-09-04,0.460078
2021-09-05,-0.175047
2021-09-06,0.337749
2021-09-07,0.203507
2021-09-08,-0.384487
2021-09-09,0.349427
2021-09-10,-0.342567
2021-09-11,0.012933
2021-09-12,-0.158594
2021-09-13,-0.397162
2021-09-14,-0.093297
2021-09-15,0.089315
2021-09-16,0.199306
2021-09-17,0.221487
2021-09-18,0.083833
2021-09-19,-0.251081
2021-09-20,-0.298184
2021-09-21,-0.388191
2021-09-22,-0.035562
2021-09-23,-0.098937
2021-09-24,0.120955
2021-09-25,-0.098178
2021-09-26,0.036574
2021-09-27,0.176859
2021-09-28,0.598216
2021-09-29,0.06778
2021-09-30,0.190858
2021-10-01,-0.033065
2021-10-02,-0.278803
2021-10-03,0.008431
2021-10-04,-0.094369
2021-10-05,-0.023152
2021-10-06,0.102128
2021-10-07,0.334226
2021-10-08,0.627723
2021-10-09,0.367611
2021-10-10,-0.244149
2021-10-11,0.084648
2021-10-12,0.169461
2021-10-13,0.211721
2021-10-14,0.255552
2021-10-15,0.36025
2021-10-16,0.004016
2021-10-17,0.097676
2021-10-18,0.218037
2021-10-19,0.203076
2021-10-20,-0.031515
2021-10-21,0.032417
2021-10-22,0.483554
2021-10-23,0.272283
2021-10-24,0.003146
2021-10-25,0.590322
2021-10-26,0.240603
2021-10-27,0.293839
2021-10-28,0.188817
2021-10-29,0.114546
2021-10-30,0.125735
2021-10-31,0.397739
2021-11-01,0.300171
2021-11-02,0.149027
2021-11-03,0.262541
2021-11-04,-0.025469
2021-11-05,0.52627
2021-11-06,0.577328
2021-11-07,0.12173
2021-11-08,0.296104
2021-11-09,0.127506
2021-11-10,0.080553
2021-11-11,0.007039
2021-11-12,0.115423
2021-11-13,0.126171
2021-11-14,0.074922
2021-11-15,0.22957
2021-11-16,-0.09846
2021-11-17,0.199113
2021-11-18,-0.293571
2021-11-19,-0.101021
2021-11-20,0.402029
2021-11-21,0.110834
2021-11-22,-0.016991
2021-11-23,0.600009
2021-11-24,0.305022
2021-11-25,0.48484
2021-11-26,-0.68642
2021-11-27,-0.073242
2021-11-28,0.16381
2021-11-29,-0.099843
2021-11-30,-0.271081
2021-12-01,-0.14006
2021-12-02,-0.093305
2021-12-03,0.393408
2021-12-04,-0.354319
2021-12-05,-0.176869
2021-12-06,-0.376821
2021-12-07,-0.033276
2021-12-08,0.140727
2021-12-09,0.58508
2021-12-10,0.300187
2021-12-11,0.513744
2021-12-12,0.075622
2021-12-13,0.328271
2021-12-14,-0.27577
2021-12-15,-0.157186
2021-12-16,0.167341
2021-12-17,-0.206247
2021-12-18,-0.260168
2021-12-19,0.17838
2021-12-20,0.049747
2021-12-21,0.180174
2021-12-22,0.048809
2021-12-23,0.377847
2021-12-24,-0.079747
2021-12-25,0.505408
2021-12-26,0.178891
2021-12-27,0.370563
2021-12-28,0.230531
2021-12-29,0.401322
2021-12-30,0.015902
2021-12-31,0.300563
2022-01-01,0.499488
2022-01-02,0.296057
2022-01-03,0.597592
2022-01-04,0.345059
2022-01-05,-0.10834
2022-01-06,0.18294
2022-01-07,0.590682
2022-01-08,0.294951
2022-01-09,-0.15138
2022-01-10,0.023063
2022-01-11,0.282651
2022-01-12,0.301693
2022-01-13,0.223161
2022-01-14,0.10808
2022-01-15,-0.327685
2022-01-16,-0.095067
2022-01-17,-0.194062
2022-01-18,-0.289402
2022-01-19,-0.183915
2022-01-20,0.051579
2022-01-21,0.099988
2022-01-22,0.217946
2022-01-23,-0.197511
2022-01-24,-0.100698
2022-01-25,-0.115376
2022-01-26,0.172592
2022-01-27,0.084013
2022-01-28,-0.257952
2022-01-29,0.208486
2022-01-30,-0.582043
2022-01-31,0.253596
2022-02-01,-0.013995
2022-02-02,0.201811
2022-02-03,-0.192553
2022-02-04,0.242391
2022-02-05,0.499571
2022-02-06,0.131575
2022-02-07,0.00434
2022-02-08,0.011395
2022-02-09,0.214292
2022-02-10,-0.198498
2022-02-11,-0.096632
2022-02-12,-0.175673
2022-02-13,-0.361183
2022-02-14,-0.256664
2022-02-15,-0.076315
2022-02-16,0.225743
2022-02-17,0.200061
2022-02-18,-0.031817
2022-02-19,0.06141
2022-02-20,-0.101175
2022-02-21,0.295673
2022-02-22,-0.195396
2022-02-23,-0.10587
2022-02-24,-0.113938
2022-02-25,-0.197229
2022-02-26,0.064181
2022-02-27,0.110252
2022-02-28,-0.496098
2022-03-01,-0.197674
2022-03-02,0.049885
2022-03-03,0.243828
2022-03-04,-0.03766
2022-03-05,-0.125923
2022-03-06,0.02093
2022-03-07,0.181945
2022-03-08,-0.198798
2022-03-09,-0.595311
2022-03-10,0.283891
2022-03-11,-0.097502
2022-03-12,-0.222891
2022-03-15,-0.262031
2022-03-16,0.005246
2022-03-17,0.05388
2022-03-18,0.524012
2022-03-19,-0.105589
2022-03-20,0.298814
2022-03-21,0.301263
2022-03-22,-0.330863
2022-03-25,0.444009
2022-03-26,-0.00695
2022-03-27,0.397844
2022-03-28,0.127066
2022-03-29,0.251108
2022-03-30,-0.180431
2022-03-31,-0.298994
2022-04-01,0.047454
2022-04-02,0.201634
2022-04-03,0.140927
2022-04-04,-0.009588
2022-04-05,0.001445
2022-04-06,0.156139
2022-04-07,-0.155616
2022-04-08,0.175214
2022-04-09,0.398532
2022-04-10,-0.135475
2022-04-11,0.146964
2022-04-12,0.148268
2022-04-13,-0.203298
2022-04-14,0.301382
2022-04-15,-0.368382
2022-04-16,-0.287569
2022-04-17,-0.622083
2022-04-18,0.02925
2022-04-19,0.202937
2022-04-20,-0.055012
2022-04-21,0.103231
2022-04-22,0.11751
2022-04-23,-0.295724
2022-04-24,0.005721
2022-04-25,-0.229361
2022-04-26,-0.229398
2022-04-27,0.197121
2022-04-28,-0.215044
2022-04-29,0.10102
2022-04-30,0.204426
2022-05-01,-0.284072
2022-05-02,-0.033632
2022-05-03,-0.447625
2022-05-04,-0.199392
2022-05-05,0.113223
2022-05-06,-0.585526
2022-05-07,-0.135517
2022-05-08,-0.190643
2022-05-09,-0.248713
2022-05-10,-0.21528
2022-05-11,0.105836
2022-05-12,-0.465738
2022-05-13,-0.305835
2022-05-14,-0.189824
2022-05-15,-0.197829
2022-05-16,0.096592
2022-05-17,-0.216714
2022-05-18,0.33652
2022-05-19,-0.18365
2022-05-20,-0.076897
2022-05-21,-0.003919
2022-05-22,-0.157659
2022-05-23,-0.467013
2022-05-24,-0.213252
2022-05-25,0.072481
2022-05-26,0.225003
2022-05-27,-0.394506
2022-05-28,-0.424098
2022-05-29,0.177523
2022-05-30,0.055886
2022-05-31,-0.069471
2022-06-01,0.112539
2022-06-02,-0.091782
2022-06-03,-0.013246
2022-06-04,-0.076728
2022-06-05,-0.282198
2022-06-06,-0.070269
2022-06-07,-0.169596
2022-06-08,-0.382116
2022-06-09,0.043701
2022-06-10,-0.137885
2022-06-11,-0.055532
2022-06-12,-0.32849
2022-06-13,-0.382253
2022-06-14,-0.288871
2022-06-15,-0.105048
2022-06-16,0.066272
2022-06-17,-0.458755
2022-06-18,-0.586604
2022-06-19,0.353267
2022-06-20,-0.090621
2022-06-21,-0.122503
2022-06-22,0.200061
2022-06-23,-0.310727
2022-06-24,0.188062
2022-06-25,-0.262292
2022-06-26,0.143198
2022-06-27,-0.031084
2022-06-28,0.348699
2022-06-29,-0.241315
2022-06-30,0.191215
2022-07-01,-0.54935
2022-07-02,0.162484
2022-07-03,0.05032
2022-07-04,0.110753
2022-07-05,-0.076925
2022-07-06,-0.260696
2022-07-07,-0.164622
2022-07-08,-0.015717
2022-07-09,-0.093166
2022-07-10,0.2635
2022-07-11,-0.202234
2022-07-12,0.076
2022-07-13,-0.527852
2022-07-14,0.35885
2022-07-15,0.101209
2022-07-16,0.086831
2022-07-17,0.002639
2022-07-18,-0.263134
2022-07-19,-0.299671
2022-07-20,-0.081484
2022-07-21,-0.497055
2022-07-22,-0.081065
2022-07-23,-0.34822
2022-07-24,0.07242
2022-07-25,0.086208
2022-07-26,-0.142432
2022-07-27,-0.20951
2022-07-28,-0.150473
2022-07-29,-0.008585
2022-07-30,-0.006073
2022-07-31,0.45385
2022-08-01,0.08735
2022-08-02,-0.201761
2022-08-03,-0.259689
2022-08-04,0.400497
2022-08-05,0.305891
2022-08-06,-0.076034
2022-08-07,0.13391
2022-08-08,-0.209024
2022-08-09,-0.210616
2022-08-10,0.1372
2022-08-11,-0.170374
2022-08-12,0.068322
2022-08-13,0.10071
2022-08-14,0.39938
2022-08-15,0.098428
2022-08-16,0.038015
2022-08-17,0.196001
2022-08-18,-0.067457
2022-08-19,0.000706
2022-08-20,-0.147246
2022-08-21,-0.071504
2022-08-22,0.397719
2022-08-23,-0.324514
2022-08-24,0.055152
2022-08-25,0.587528
2022-08-26,-0.199003
2022-08-27,-0.091694
2022-08-28,-0.387766
2022-08-29,0.071151
2022-08-30,0.131687
2022-08-31,0.042603
2022-09-01,-0.148553
2022-09-02,-0.12101
2022-09-03,-0.000962
2022-09-04,0.006716
2022-09-05,-0.709602
2022-09-06,0.093867
2022-09-07,-0.567175
2022-09-08,-0.395208
2022-09-09,0.000493
2022-09-10,0.18684
2022-09-11,0.249385
2022-09-12,-0.334284
2022-09-13,0.300142
2022-09-14,-0.291732
2022-09-15,-0.059309
2022-09-16,-0.178283
2022-09-17,0.103331
2022-09-18,0.15627
2022-09-19,-0.042167
2022-09-20,0.036711
2022-09-21,-0.177657
2022-09-22,-0.391729
2022-09-23,-0.363751
2022-09-24,-0.34821
2022-09-25,-0.073144
2022-09-26,-0.281232
2022-09-27,-0.484963
2022-09-28,0.041823
2022-09-29,-0.203293
2022-09-30,0.093914
2022-10-01,0.218233
2022-10-02,-0.198436
2022-10-03,-0.171466
2022-10-04,-0.026868
2022-10-05,-0.030052
2022-10-06,-0.066429
2022-10-07,-0.099516
2022-10-08,-0.228129
2022-10-09,-0.458239
2022-10-10,-0.629415
2022-10-11,-0.145062
2022-10-12,-0.011185
2022-10-13,-0.390987
2022-10-14,0.326702
2022-10-15,-0.156849
2022-10-16,-0.529064
2022-10-17,0.132534
2022-10-18,-0.01491
2022-10-19,0.103119
2022-10-20,-0.204909
2022-10-21,0.003562
2022-10-22,0.309276
2022-10-23,0.101874
2022-10-24,0.112715
2022-10-25,-0.287772
2022-10-26,-0.085323
2022-10-27,-0.359509
2022-10-28,0.066489
2022-10-29,-0.021825
2022-10-30,0.441942
2022-10-31,0.191209
2022-11-01,-0.074965
2022-11-02,-0.295924
2022-11-03,0.44701
2022-11-04,0.132097
2022-11-05,0.079194
2022-11-06,0.106247
2022-11-07,0.311689
2022-11-08,-0.275352
2022-11-09,-0.332109
2022-11-10,-0.158067
2022-11-11,0.19995
2022-11-12,-0.079309
2022-11-13,-0.123437
2022-11-14,-0.132861
2022-11-15,-0.383254
2022-11-16,0.138252
2022-11-17,-0.086904
2022-11-18,0.125902
2022-11-19,-0.496691
2022-11-20,-0.319289
2022-11-21,-0.028805
2022-11-22,0.184658
2022-11-23,0.003181
2022-11-24,-0.124361
2022-11-25,0.192449
2022-11-26,0.27212
2022-11-27,-0.197279
2022-11-28,-0.049115
2022-11-29,-0.094317
2022-11-30,-0.107708
2022-12-01,-0.108445
2022-12-02,-0.034164
2022-12-03,0.398398
2022-12-04,-0.259453
2022-12-05,-0.293674
2022-12-06,-0.283727
2022-12-07,-0.004399
2022-12-08,0.00378
2022-12-09,0.466803
2022-12-10,-0.299874
2022-12-11,-0.163343
2022-12-12,0.009516
2022-12-13,0.017834
2022-12-14,-0.045926
2022-12-15,0.088121
2022-12-16,-0.390635
2022-12-17,-0.260673
2022-12-18,-0.026247
2022-12-19,0.188551
2022-12-20,-0.492833
2022-12-21,0.037313
2022-12-22,-0.166378
2022-12-23,0.034102
2022-12-24,-0.241252
2022-12-25,0.200914
2022-12-26,0.006675
2022-12-27,0.704654
2022-12-28,-0.380804
2022-12-29,0.222654
2022-12-30,0.172269
2022-12-31,-0.274369
2023-01-01,-0.097801
2023-01-02,-0.327889
2023-01-03,-0.071149
2023-01-04,0.003894
2023-01-05,-0.073821
2023-01-06,-0.449802
2023-01-07,-0.16587
2023-01-08,-0.224353
2023-01-09,-0.236152
2023-01-10,0.195408
2023-01-11,0.101177
2023-01-12,0.141781
2023-01-13,0.188031
2023-01-14,0.100703
2023-01-15,0.014376
2023-01-16,0.021136
2023-01-17,0.238712
2023-01-18,-0.309111
2023-01-19,-0.006638
2023-01-20,0.214645
2023-01-21,0.32422
2023-01-22,-0.213907
2023-01-23,0.114019
2023-01-24,-0.14364
2023-01-25,-0.179218
2023-01-26,0.729737
2023-01-27,0.099995
2023-01-28,0.333013
2023-01-29,0.199915
2023-01-30,0.110895
2023-01-31,0.219281
2023-02-01,-0.101893
2023-02-02,0.159724
2023-02-03,0.359083
2023-02-04,0.1426
2023-02-05,-0.2614
2023-02-06,-0.199049
2023-02-07,0.278934
2023-02-08,-0.056822
2023-02-09,0.406325
2023-02-10,0.200488
2023-02-11,0.141521
2023-02-12,-0.246837
2023-02-13,-0.196558
2023-02-14,0.23768
2023-02-15,0.099708
2023-02-16,-0.225055
2023-02-17,0.161887
2023-02-18,-0.000266
2023-02-19,-0.331569
2023-02-20,0.104083
2023-02-21,-0.099683
2023-02-22,-0.025394
2023-02-23,-0.12119
2023-02-24,-0.387468
2023-02-25,0.499099
2023-02-26,-0.331866
2023-02-27,-0.427739
2023-02-28,0.34138
2023-03-01,0.172761
2023-03-02,0.298528
2023-03-03,0.157486
2023-03-04,0.01665
2023-03-05,0.075104
2023-03-06,0.503979
2023-03-07,0.131745
2023-03-08,0.221614
2023-03-09,0.090498
2023-03-10,-0.221028
2023-03-11,0.000567
2023-03-13,0.369125
2023-03-14,0.200373
2023-03-15,-0.390416
2023-03-16,-0.120043
2023-03-17,0.048873
2023-03-18,-0.600359
2023-03-19,0.452076
2023-03-20,0.256988
2023-03-21,0.303044
2023-03-22,0.154542
2023-03-23,-0.037072
2023-03-24,-0.442443
2023-03-25,-0.000115
2023-03-26,0.746175
2023-03-27,0.122195
2023-03-28,-0.331441
2023-03-29,0.300142
2023-03-30,0.190234
2023-03-31,-0.077979
2023-04-01,-0.449915
2023-04-02,0.654427
2023-04-03,-0.176277
2023-04-04,0.21167
2023-04-05,-0.246693
2023-04-06,-0.19185
2023-04-07,0.352674
2023-04-08,0.929837
2023-04-09,-0.240621
2023-04-10,0.12577
2023-04-11,0.148451
2023-04-12,0.273032
2023-04-13,-0.231548
2023-04-14,0.100717
2023-04-15,-0.293997
2023-04-16,0.500461
2023-04-17,0.013431
2023-04-18,0.15455
2023-04-19,-0.260329
2023-04-20,0.211842
2023-04-21,0.06776
2023-04-22,0.332864
2023-04-23,0.344887
2023-04-24,0.199108
2023-04-25,-0.041905
2023-04-26,0.371487
2023-04-27,0.38673
2023-04-28,-0.284723
2023-04-29,0.392524
2023-04-30,0.214851
2023-05-01,-0.30289
2023-05-02,0.409372
2023-05-03,0.209244
2023-05-04,0.304781
2023-05-05,0.227876
2023-05-06,0.003886
2023-05-07,0.497838
2023-05-08,-0.256256
2023-05-09,-0.150788
2023-05-10,0.187481
2023-05-11,0.179797
2023-05-12,0.198571
2023-05-13,0.000934
2023-05-14,0.00108
2023-05-15,-0.123257
2023-05-16,0.298565
2023-05-17,0.088588
2023-05-18,0.097568
2023-05-19,0.300977
2023-05-20,-0.496507
2023-05-21,0.333602
2023-05-22,0.211138
2023-05-23,-0.2642
2023-05-24,-0.23081
2023-05-25,0.291894
2023-05-26,0.585022
2023-05-27,0.774451
2023-05-28,0.305691
2023-05-29,0.412248
2023-05-30,-0.220267
2023-05-31,0.017588
2023-06-01,0.21055
2023-06-02,0.603169
2023-06-03,-0.000039
2023-06-04,0.990785
2023-06-05,-0.196108
2023-06-06,-0.004315
2023-06-07,0.116133
2023-06-08,0.003004
2023-06-09,0.566656
2023-06-10,0.336153
2023-06-11,0.952953
2023-06-12,0.552479
2023-06-13,0.213083
2023-06-14,0.095436
2023-06-15,0.264703
2023-06-16,0.153992
2023-06-17,0.499083
2023-06-19,0.170662
2023-06-20,0.157314
2023-06-21,0.004728
2023-06-22,-0.083955
2023-06-23,0.100846
2023-06-24,0.218742
2023-06-25,0.494051
2023-06-26,-0.021306
2023-06-27,0.177841
2023-06-28,0.006219
2023-06-29,-0.326979
2023-06-30,0.201839
2023-07-01,-0.191385
2023-07-02,-0.047791
2023-07-03,0.503884
2023-07-04,0.001082
2023-07-05,0.282903
2023-07-06,0.099413
2023-07-07,0.230569
2023-07-08,0.999273
2023-07-09,-0.070197
2023-07-10,-0.396679
2023-07-11,-0.365991
2023-07-12,0.371788
2023-07-13,0.395319
2023-07-14,0.393627
2023-07-15,-0.058432
2023-07-16,-0.11393
2023-07-17,-0.06355
2023-07-18,0.394455
2023-07-19,0.388597
2023-07-20,0.201627
2023-07-21,0.306401
2023-07-22,0.599056
2023-07-23,0.666259
2023-07-24,0.328813
2023-07-25,0.487276
2023-07-26,0.340872
2023-07-27,0.146536
2023-07-28,0.095385
2023-07-29,0.331885
2023-07-30,0.734164
2023-07-31,0.000295
2023-08-01,0.098225
2023-08-02,-0.375572
2023-08-03,0.398193
2023-08-04,0.063909
2023-08-05,0.050897
2023-08-06,-0.747442
2023-08-07,-0.002759
2023-08-08,0.299545
2023-08-09,0.185458
2023-08-10,-0.013109
2023-08-11,-0.174263
2023-08-12,0.216274
2023-08-13,0.263872
2023-08-14,-0.098638
2023-08-15,0.005137
2023-08-16,0.280925
2023-08-17,0.078952
2023-08-18,-0.294318
2023-08-19,-0.166367
2023-08-20,0.001191
2023-08-21,-0.390822
2023-08-22,0.48228
2023-08-23,0.398647
2023-08-24,-0.057993
2023-08-25,0.140802
2023-08-26,0.663227
2023-08-27,0.089878
2023-08-28,-0.064127
2023-08-29,0.100634
2023-08-30,0.719648
2023-08-31,0.234399
2023-09-01,0.249299
2023-09-02,-0.106653
2023-09-03,0.763411
2023-09-04,0.010895
2023-09-05,-0.107764
2023-09-06,-0.095479
2023-09-07,-0.097448
2023-09-08,-0.295683
2023-09-09,0.001472
2023-09-10,-0.497793
2023-09-11,0.254306
2023-09-12,-0.176814
2023-09-13,-0.19958
2023-09-14,0.600504
2023-09-15,0.43957
2023-09-16,0.001306
2023-09-17,-0.329746
2023-09-18,0.102922
2023-09-19,-0.191448
2023-09-20,0.344425
2023-09-21,-0.320865
2023-09-22,0.114588
2023-09-23,-0.000046
2023-09-24,-0.997295
2023-09-25,0.107798
2023-09-26,0.208269
2023-09-27,0.025141
2023-09-28,-0.005743
2023-09-29,0.388238
2023-09-30,-0.201433
2023-10-01,-0.069444
2023-10-02,0.104972
2023-10-03,-0.101299
2023-10-04,-0.486969
2023-10-05,0.124145
2023-10-06,-0.574268
2023-10-07,0.000561
2023-10-08,0.429234
2023-10-09,0.186889
2023-10-10,0.107807
2023-10-11,0.372414
2023-10-12,0.6802
2023-10-13,-0.183692
2023-10-14,0.156811
2023-10-15,-0.064961
2023-10-16,0.115588
2023-10-17,0.102824
2023-10-18,0.298528
2023-10-19,-0.004052
2023-10-20,-0.293663
2023-10-21,0.002702
2023-10-22,-0.458174
2023-10-23,-0.099352
2023-10-24,-0.089873
2023-10-25,0.506113
2023-10-26,-0.294752
2023-10-27,-0.087931
2023-10-28,-0.33177
2023-10-29,-0.00013
2023-10-30,0.146836
2023-10-31,0.334573
2023-11-01,0.100055
2023-11-02,0.4697
2023-11-03,0.09831
2023-11-04,0.399834
2023-11-05,0.766002
2023-11-06,0.298728
2023-11-07,0.196693
2023-11-08,0.299299
2023-11-09,0.297438
2023-11-10,-0.430649
2023-11-11,0.249696
2023-11-12,0.215556
2023-11-13,-0.194435
2023-11-14,0.518344
2023-11-15,0.677484
2023-11-16,-0.01013
2023-11-17,0.474637
2023-11-18,0.032988
2023-11-19,0.998841
2023-11-20,-0.043525
2023-11-21,0.376749
2023-11-22,0.481114
2023-11-23,0.554786
2023-11-24,0.004849
2023-11-25,0.499678
2023-11-26,-0.997697
2023-11-27,-0.194998
2023-11-28,0.311497
2023-11-29,0.568293
2023-11-30,0.686771
2023-12-01,0.198727
2023-12-02,0.171046
2023-12-03,-0.329468
2023-12-04,0.515707
2023-12-05,0.565856
2023-12-06,0.000843
2023-12-07,-0.170342
2023-12-08,0.303493
2023-12-09,0.230692
2023-12-10,-0.000011
2023-12-11,0.215108
2023-12-12,0.202756
2023-12-13,0.436181
2023-12-14,0.799699
2023-12-15,0.499538
2023-12-16,-0.192871
2023-12-17,-0.144091
2023-12-18,-0.056739
2023-12-19,0.393888
2023-12-20,0.05037
2023-12-21,0.0945
2023-12-22,0.486972
2023-12-23,0.499788
2023-12-24,0.474193
2023-12-25,0.199355
2023-12-26,0.451802
2023-12-27,0.44675
2023-12-28,0.200987
2023-12-29,-0.097562
2023-12-30,0.309819
2023-12-31,0.176617
2024-01-01,0.37017
2024-01-02,-0.155056
2024-01-03,0.17159
2024-01-04,0.000155
2024-01-05,0.098476
2024-01-06,-0.198034
2024-01-07,-0.201926
2024-01-08,0.009813
2024-01-09,0.427407
2024-01-10,0.179288
2024-01-11,0.388961
2024-01-12,0.159245
2024-01-13,0.398677
2024-01-14,-0.049022
2024-01-15,0.051613
2024-01-16,-0.187387
2024-01-17,-0.082734
2024-01-18,0.020918
2024-01-19,0.431152
2024-01-20,0.666093
2024-01-21,0.002627
2024-01-22,0.279623
2024-01-23,0.289369
2024-01-24,0.426072
2024-01-25,0.471285
2024-01-26,0.003394
2024-01-27,0.428516
2024-01-28,0.642644
2024-01-29,0.600466
2024-01-30,-0.090127
2024-01-31,-0.172776
2024-02-01,0.126566
2024-02-02,0.361915
2024-02-03,0.336838
2024-02-04,0.000808
2024-02-05,0.133974
2024-02-06,0.099897
2024-02-07,0.462941
2024-02-08,0.710257
2024-02-09,0.40027
2024-02-10,0.199767
2024-02-11,0.475301
2024-02-12,-0.077068
2024-02-13,0.299777
2024-02-14,0.126415
2024-02-15,0.379183
2024-02-16,0.412025
2024-02-17,0.333105
2024-02-18,0.498042
2024-02-19,-0.407988
2024-02-20,-0.009412
2024-02-21,0.299065
2024-02-22,0.341267
2024-02-23,0.531495
2024-02-24,0.000412
2024-02-25,0.17051
2024-02-26,0.040395
2024-02-27,0.380456
2024-02-28,-0.004301
2024-02-29,0.015003
2024-03-01,0.10835
2024-03-02,0.652292
2024-03-03,0.138728
2024-03-04,0.488252
2024-03-05,0.199839
2024-03-06,0.197226
2024-03-07,0.30597
2024-03-08,0.348021
2024-03-09,0.666095
2024-03-11,0.09646
2024-03-12,0.537489
2024-03-13,-0.087531
2024-03-14,0.158631
2024-03-15,0.10121
2024-03-16,0.001056
2024-03-17,0.149507
2024-03-18,0.103547
2024-03-19,0.116797
2024-03-20,0.031707
2024-03-21,0.602482
2024-03-22,0.210479
2024-03-23,0.396497
2024-03-24,0.810054
2024-03-25,0.099815
2024-03-26,0.598157
2024-03-27,0.207629
2024-03-28,0.195844
2024-03-29,0.12615
2024-03-30,0.332618
2024-03-31,0.498027
2024-04-01,0.598416
2024-04-02,-0.05684
2024-04-03,0.401053
2024-04-04,0.798492
2024-04-05,-0.088325
2024-04-06,0.260918
2024-04-07,-0.286754
2024-04-08,-0.12026
2024-04-09,-0.418996
2024-04-10,-0.138206
2024-04-11,-0.271207
2024-04-12,0.200016
2024-04-13,-0.168221
2024-04-14,-0.214098
2024-04-15,0.504031
2024-04-16,-0.367475
2024-04-17,-0.391952
2024-04-18,0.055674
2024-04-19,0.029046
2024-04-20,-0.749151
2024-04-21,0.334807
2024-04-22,-0.563327
2024-04-23,0.373494
2024-04-24,0.501165
2024-04-25,-0.005246
2024-04-26,0.39803
2024-04-27,0.137984
2024-04-28,-0.014988
2024-04-29,0.636787
2024-04-30,-0.014086
2024-05-01,-0.116415
2024-05-02,0.196809
2024-05-03,0.299594
2024-05-04,0.160254
2024-05-05,0.499696
2024-05-06,0.818676
2024-05-07,0.294378
2024-05-08,0.097104
2024-05-09,0.322755
2024-05-10,0.100604
2024-05-11,0.223668
2024-05-12,-0.330634
2024-05-13,-0.030411
2024-05-14,0.470158
2024-05-15,-0.047405
2024-05-16,0.388752
2024-05-17,0.222986
2024-05-18,0.599521
2024-05-19,0.267654
2024-05-20,0.175592
2024-05-21,0.095831
2024-05-22,0.366201
2024-05-23,0.540454
2024-05-24,-0.007205
2024-05-25,0.420949
2024-05-26,-0.355731
2024-05-27,-0.085479
2024-05-28,0.29548
2024-05-29,0.126301
2024-05-30,-0.135901
2024-05-31,0.072027
2024-06-01,-0.000025
2024-06-02,0.430242
2024-06-03,0.538585
2024-06-04,0.0905
2024-06-05,0.108107
2024-06-06,0.425886
2024-06-07,0.507393
2024-06-08,-0.332295
2024-06-09,-0.067741
2024-06-10,0.008443
2024-06-11,-0.068595
2024-06-12,0.285645
2024-06-13,0.543052
2024-06-14,-0.494687
2024-06-15,0.09582
2024-06-16,0.330879
2024-06-17,0.588683
2024-06-18,0.319574
2024-06-19,0.102218
2024-06-20,-0.097815
2024-06-21,-0.396024
2024-06-22,-0.084298
2024-06-23,-0.093946
2024-06-24,-0.596985
2024-06-25,0.19469
2024-06-26,0.222229
2024-06-27,-0.131682
2024-06-28,0.211967
2024-06-29,0.240172
2024-06-30,-0.056207
2024-07-01,-0.220381
2024-07-02,0.015053
2024-07-03,0.406297
2024-07-04,0.402898
2024-07-05,0.325678
2024-07-06,0.660956
2024-07-07,0.180177
2024-07-08,-0.100555
2024-07-09,0.197098
2024-07-10,0.10129
2024-07-11,0.398344
2024-07-12,0.130601
2024-07-13,0.853329
2024-07-14,0.25083
2024-07-15,0.526576
2024-07-16,0.054853
2024-07-17,-0.172944
2024-07-18,0.243162
2024-07-19,0.000307
2024-07-20,-0.58784
2024-07-21,0.25207
2024-07-22,-0.052985
2024-07-23,0.391051
2024-07-24,0.020031
2024-07-25,-0.099924
2024-07-26,0.193178
2024-07-27,0.747099
2024-07-28,-0.216169
2024-07-29,0.415946
2024-07-30,0.006964
2024-07-31,0.218472
2024-08-01,0.104346
2024-08-02,0.198385
2024-08-03,-0.119951
2024-08-04,-0.805348
2024-08-05,-0.173028
2024-08-06,-0.066897
2024-08-07,-0.195018
2024-08-08,0.07852
2024-08-09,0.497903
2024-08-10,-0.494438
2024-08-11,0.187048
2024-08-12,0.145607
2024-08-13,0.038909
2024-08-14,0.294996
2024-08-15,0.7321
2024-08-16,0.51246
2024-08-17,0.669361
2024-08-18,0.188319
2024-08-19,0.453349
2024-08-20,0.031775
2024-08-21,-0.104566
2024-08-22,0.609645
2024-08-23,-0.025764
2024-08-24,0.333273
2024-08-25,0.419342
2024-08-26,0.503945
2024-08-27,0.028302
2024-08-28,0.204239
2024-08-29,0.817359
2024-08-30,0.343708
2024-08-31,0.232484
2024-09-01,-0.144305
2024-09-02,0.285232
2024-09-03,0.05613
2024-09-04,-0.398734
2024-09-05,-0.203999
2024-09-06,-0.098349
2024-09-07,-0.155283
2024-09-08,-0.248761
2024-09-09,0.404712
2024-09-10,0.180171
2024-09-11,-0.051809
2024-09-12,0.811204
2024-09-13,0.108611
2024-09-14,0.273575
2024-09-15,0.111863
2024-09-16,0.406578
2024-09-17,0.489269
2024-09-18,0.208455
2024-09-19,0.596408
2024-09-20,-0.090467
2024-09-21,0.149154
2024-09-22,0.03106
2024-09-23,0.409949
2024-09-24,0.66726
2024-09-25,0.396185
2024-09-26,0.092273
2024-09-27,-0.211161
2024-09-28,0.799071
2024-09-29,0.381029
2024-09-30,0.308386
2024-10-01,0.504707
2024-10-02,-0.123522
2024-10-03,-0.0887
2024-10-04,0.59902
2024-10-05,0.999147
2024-10-07,0.080188
2024-10-08,0.10029
2024-10-09,0.399478
2024-10-10,-0.128344
2024-10-11,0.009087
2024-10-12,0.16362
2024-10-13,0.381428
2024-10-14,0.308499
2024-10-15,-0.178366
2024-10-16,0.3682
2024-10-17,0.411518
2024-10-18,0.671811
2024-10-19,0.448666
2024-10-20,-0.030014
2024-10-21,0.097783
2024-10-22,0.378789
2024-10-23,-0.235432
2024-10-24,0.688999
2024-10-25,0.341362
2024-10-26,0.205529
2024-10-27,-0.549253
2024-10-28,0.415673
2024-10-29,0.19924
2024-10-30,0.300665
2024-10-31,0.091828
2024-11-01,0.215944
2024-11-02,-0.048328
2024-11-03,-0.567206
2024-11-04,0.025774
2024-11-05,0.411327
2024-11-06,0.522746
2024-11-07,0.596933
2024-11-08,0.402222
2024-11-09,0.557558
2024-11-10,0.59886
2024-11-11,0.412969
2024-11-12,0.397905
2024-11-13,0.399768
2024-11-14,0.453834
2024-11-15,0.329178
2024-11-16,0.000767
2024-11-17,-0.391499
2024-11-18,0.498474
2024-11-19,0.200406
2024-11-20,-0.034645
2024-11-21,0.302798
2024-11-22,0.202939
2024-11-23,-0.422388
2024-11-24,0.616976
2024-11-25,0.796424
2024-11-26,0.103272
2024-11-27,0.199933
2024-11-28,0.530023
2024-11-29,0.196057
2024-11-30,0.00857
2024-12-01,0.503499
2024-12-02,0.400604
2024-12-03,0.324296
2024-12-04,0.490441
2024-12-05,0.031745
2024-12-06,0.029618
2024-12-07,-0.002471
2024-12-08,0.204851
2024-12-09,0.082306
2024-12-10,0.378779
2024-12-11,0.195973
2024-12-12,0.052675
2024-12-13,-0.023549
2024-12-14,0.59745
2024-12-15,-0.246371
2024-12-16,0.500224
2024-12-17,0.152282
2024-12-18,0.192379
2024-12-19,-0.010165
2024-12-20,-0.181189
2024-12-21,0.20027
2024-12-22,-0.144738
2024-12-23,0.204815
2024-12-24,0.25526
2024-12-25,0.152771
2024-12-26,-0.007505
2024-12-27,0.348961
2024-12-28,-0.092028
2024-12-29,0.998736
2024-12-30,-0.387608
2024-12-31,0.344356
2025-01-01,0.111905
2025-01-02,-0.046272
2025-01-03,-0.199642
2025-01-04,-0.109176
2025-01-05,-0.100138
2025-01-06,-0.204754
2025-01-07,0.084186
2025-01-08,0.307068
2025-01-09,0.492799
2025-01-10,0.300392
2025-01-11,0.047747
2025-01-12,0.007108
2025-01-13,0.089271
2025-01-14,0.252739
2025-01-15,0.492666
2025-01-16,0.520782
2025-01-17,0.065329
2025-01-18,0.004317
2025-01-19,0.244485
2025-01-20,0.100042
2025-01-21,0.099659
2025-01-22,0.551219
2025-01-23,0.504763
2025-01-24,0.515274
2025-01-25,0.152281
2025-01-26,-0.183511
2025-01-27,-0.243945
2025-01-28,-0.298775
2025-01-29,0.27929
2025-01-30,0.215244
2025-01-31,0.61841
2025-02-01,0.208131
2025-02-02,0.522642
2025-02-03,-0.425024
2025-02-04,0.6205
2025-02-05,0.137741
2025-02-06,0.286635
2025-02-07,0.101589
2025-02-08,0.167486
2025-02-09,-0.327506
2025-02-10,0.064045
2025-02-11,0.551699
2025-02-12,0.589374
2025-02-13,0.170073
2025-02-14,0.269622
2025-02-15,0.716616
2025-02-16,-0.085145
2025-02-17,-0.595342
2025-02-18,0.602927
2025-02-19,-0.331784
2025-02-20,0.497964
2025-02-21,0.501464
2025-02-22,-0.272722
2025-02-23,-0.089444
2025-02-24,0.632735
2025-02-25,0.213005
2025-02-26,0.340453
2025-02-27,0.293947
2025-02-28,-0.41206
2025-03-01,-0.355855
2025-03-02,-0.484293
2025-03-03,-0.377266
2025-03-04,-0.095573
2025-03-05,0.24537
2025-03-06,-0.307156
2025-03-07,-0.050753
2025-03-08,0.019316
2025-03-10,-0.089166
2025-03-11,-0.994246
2025-03-12,0.082156
2025-03-13,0.120688
2025-03-14,-0.085308
2025-03-15,-0.116828
2025-03-16,0.200833
2025-03-17,0.058105
2025-03-18,0.116837
2025-03-19,-0.058442
2025-03-20,-0.087952
2025-03-21,-0.296857
2025-03-22,-0.48757
2025-03-23,-0.183159
2025-03-24,0.037716
2025-03-25,0.383936
2025-03-26,-0.100164
2025-03-27,-0.008168
2025-03-28,-0.159355
2025-03-29,0.166617
2025-03-30,-0.164918
2025-03-31,-0.587242
2025-04-01,0.398565
2025-04-02,0.877957
2025-04-03,-0.498813
2025-04-04,-0.390476
2025-04-05,-0.56586
2025-04-06,-0.159081
2025-04-07,-0.697374
2025-04-08,-0.112124
2025-04-09,-0.187909
2025-04-10,0.322912
2025-04-11,-0.19706
2025-04-12,-0.388274
2025-04-13,0.197411
2025-04-14,0.498397
2025-04-15,0.121328
2025-04-16,-0.035701
2025-04-17,0.305984
2025-04-18,-0.129159
2025-04-19,-0.048134
2025-04-20,-0.437641
2025-04-21,-0.209389
2025-04-22,-0.198445
2025-04-23,0.20571
2025-04-24,0.599764
2025-04-25,0.006039
2025-04-26,-0.221723
2025-04-27,0.214971
2025-04-28,-0.075434
2025-04-29,0.299539
2025-04-30,0.479439
2025-05-01,-0.103407
2025-05-02,0.343008
2025-05-03,0.306403
2025-05-04,0.32722
2025-05-05,0.300167
2025-05-06,0.00898
2025-05-07,-0.078253
2025-05-08,0.360842
2025-05-09,0.494581
2025-05-10,-0.291157
2025-05-11,0.596939
2025-05-12,0.318871
2025-05-13,0.498171
2025-05-14,0.288012
2025-05-15,-0.197358
2025-05-16,0.391735
2025-05-17,-0.134503
2025-05-18,-0.068132
2025-05-19,-0.288992
2025-05-20,0.3009
2025-05-21,-0.104865
2025-05-22,0.301361
2025-05-23,0.176065
2025-05-24,0.096558
2025-05-25,0.265484
2025-05-26,0.114309
2025-05-27,-0.10793
2025-05-28,0.146104
2025-05-29,0.465597
2025-05-30,0.399007
2025-05-31,0.794701
2025-06-01,0.485393
2025-06-02,0.498607
2025-06-03,0.799575
2025-06-04,0.31526
2025-06-05,0.320441
2025-06-06,0.20955
2025-06-07,0.398295
2025-06-08,0.431049
2025-06-09,0.190621
2025-06-10,0.204766
2025-06-11,0.673405
2025-06-12,-0.197836
2025-06-13,0.185794
2025-06-14,0.220426
2025-06-15,-0.270559
2025-06-16,0.586092
2025-06-17,0.212195
2025-06-18,0.038878
2025-06-19,-0.290558
2025-06-20,-0.007264
2025-06-21,0.144762
2025-06-22,0.062397
2025-06-23,-0.523711
2025-06-24,0.572369
2025-06-25,0.299081
2025-06-26,0.232904
2025-06-27,0.167026
2025-06-28,0.202376
2025-06-29,0.286819
2025-06-30,0.066486
2025-07-01,0.698877
2025-07-02,-0.090092
2025-07-03,0.400177
2025-07-04,0.572772
2025-07-05,0.300202
2025-07-06,0.142223
2025-07-07,-0.350701
2025-07-08,0.369333
2025-07-09,0.099746
2025-07-10,-0.070472
2025-07-11,0.309386
2025-07-12,0.198302
2025-07-13,0.309982
2025-07-14,0.105645
2025-07-15,0.596278
2025-07-16,0.517394
2025-07-17,0.107675
2025-07-18,0.448301
2025-07-19,-0.329692
2025-07-20,0.393125
2025-07-21,0.303019
2025-07-22,-0.01274
2025-07-23,-0.296272
2025-07-24,0.498382
2025-07-25,0.008365
2025-07-26,-0.178776
2025-07-27,0.600709
2025-07-28,0.146428
2025-07-29,0.218826
2025-07-30,-0.157272
2025-07-31,-0.246223
2025-08-01,-0.199251
2025-08-02,0.772538
2025-08-03,-0.000481
2025-08-04,-0.338751
2025-08-05,0.598782
2025-08-06,-0.161187
2025-08-07,-0.133872
2025-08-08,0.071772
2025-08-09,-0.294716
2025-08-10,0.020676
2025-08-11,0.056587
2025-08-12,0.275849
2025-08-13,-0.077921
2025-08-14,0.14803
2025-08-15,0.283991
2025-08-16,-0.0081
2025-08-17,-0.096762
2025-08-18,0.281833
2025-08-19,-0.098147
2025-08-20,-0.018011
2025-08-21,-0.099056
2025-08-22,-0.048902
2025-08-23,0.226222
2025-08-24,0.21744
2025-08-25,-0.008139
2025-08-26,-0.351023
2025-08-27,0.385309
2025-08-28,0.249832
2025-08-29,0.184718
2025-08-30,-0.962815