Date,SKEW
2015-01-02,128.66000366210938
2015-01-05,127.79000091552734
2015-01-06,125.2699966430664
2015-01-07,123.55999755859375
2015-01-08,124.7699966430664
2015-01-09,121.69000244140625
2015-01-12,121.08999633789062
2015-01-13,122.19999694824219
2015-01-14,132.66000366210938
2015-01-15,120.7699966430664
2015-01-16,131.38999938964844
2015-01-20,123.62999725341797
2015-01-21,134.3000030517578
2015-01-22,139.1300048828125
2015-01-23,132.08999633789062
2015-01-26,135.02000427246094
2015-01-27,128.42999267578125
2015-01-28,123.76000213623047
2015-01-29,130.4499969482422
2015-01-30,125.36000061035156
2015-02-02,129.97999572753906
2015-02-03,129.77999877929688
2015-02-04,126.19999694824219
2015-02-05,127.54000091552734
2015-02-06,125.62000274658203
2015-02-09,129.85000610351562
2015-02-10,126.51000213623047
2015-02-11,128.38999938964844
2015-02-12,129.9499969482422
2015-02-13,126.04000091552734
2015-02-17,127.41999816894531
2015-02-18,127.41999816894531
2015-02-19,131.3000030517578
2015-02-20,125.23999786376953
2015-02-23,134.66000366210938
2015-02-24,136.25999450683594
2015-02-25,136.3300018310547
2015-02-26,126.19999694824219
2015-02-27,126.4000015258789
2015-03-02,126.01000213623047
2015-03-03,123.08999633789062
2015-03-04,127.88999938964844
2015-03-05,127.26000213623047
2015-03-06,124.6500015258789
2015-03-09,124.16000366210938
2015-03-10,123.52999877929688
2015-03-11,123.72000122070312
2015-03-12,121.52999877929688
2015-03-13,120.5999984741211
2015-03-16,122.83000183105469
2015-03-17,125.44000244140625
2015-03-18,128.50999450683594
2015-03-19,127.94999694824219
2015-03-20,131.08999633789062
2015-03-23,127.12000274658203
2015-03-24,126.81999969482422
2015-03-25,122.95999908447266
2015-03-26,122.86000061035156
2015-03-27,121.80000305175781
2015-03-30,122.69000244140625
2015-03-31,120.3499984741211
2015-04-01,120.76000213623047
2015-04-02,119.91999816894531
2015-04-06,120.05000305175781
2015-04-07,121.33999633789062
2015-04-08,124.23999786376953
2015-04-09,125.87000274658203
2015-04-10,127.22000122070312
2015-04-13,117.45999908447266
2015-04-14,123.63999938964844
2015-04-15,119.70999908447266
2015-04-16,120.37000274658203
2015-04-17,122.23999786376953
2015-04-20,124.16000366210938
2015-04-21,122.7699966430664
2015-04-22,124.06999969482422
2015-04-23,123.26000213623047
2015-04-24,119.94999694824219
2015-04-27,122.83999633789062
2015-04-28,124.0199966430664
2015-04-29,125.36000061035156
2015-04-30,115.95999908447266
2015-05-01,122.37000274658203
2015-05-04,121.68000030517578
2015-05-05,122.22000122070312
2015-05-06,119.73999786376953
2015-05-07,120.7300033569336
2015-05-08,122.93000030517578
2015-05-11,115.95999908447266
2015-05-12,123.91999816894531
2015-05-13,126.04000091552734
2015-05-14,127.62999725341797
2015-05-15,127.55999755859375
2015-05-18,126.91000366210938
2015-05-19,126.27999877929688
2015-05-20,125.01000213623047
2015-05-21,121.11000061035156
2015-05-22,124.86000061035156
2015-05-26,123.05999755859375
2015-05-27,123.5999984741211
2015-05-28,125.37000274658203
2015-05-29,122.5
2015-06-01,122.43000030517578
2015-06-02,121.16999816894531
2015-06-03,124.58999633789062
2015-06-04,121.9800033569336
2015-06-05,119.62000274658203
2015-06-08,118.33000183105469
2015-06-09,119.4000015258789
2015-06-10,120.83000183105469
2015-06-11,125.31999969482422
2015-06-12,119.26000213623047
2015-06-15,119.25
2015-06-16,120.2300033569336
2015-06-17,119.08999633789062
2015-06-18,120.16999816894531
2015-06-19,119.5
2015-06-22,120.5199966430664
2015-06-23,122.77999877929688
2015-06-24,119.5199966430664
2015-06-25,122.68000030517578
2015-06-26,123.06999969482422
2015-06-29,124.54000091552734
2015-06-30,123.87999725341797
2015-07-01,120.13999938964844
2015-07-02,121.5199966430664
2015-07-06,118.68000030517578
2015-07-07,117.37000274658203
2015-07-08,118.25
2015-07-09,120.33999633789062
2015-07-10,118.5199966430664
2015-07-13,121.56999969482422
2015-07-14,123.11000061035156
2015-07-15,123.05999755859375
2015-07-16,124.66999816894531
2015-07-17,127.91000366210938
2015-07-20,125.05999755859375
2015-07-21,124.9000015258789
2015-07-22,130.4199981689453
2015-07-23,123.18000030517578
2015-07-24,126.31999969482422
2015-07-27,126.66999816894531
2015-07-28,123.5199966430664
2015-07-29,121.02999877929688
2015-07-30,122.05999755859375
2015-07-31,124.19999694824219
2015-08-03,119.31999969482422
2015-08-04,119.79000091552734
2015-08-05,119.0999984741211
2015-08-06,126.08999633789062
2015-08-07,117.81999969482422
2015-08-10,121.54000091552734
2015-08-11,124.37000274658203
2015-08-12,119.97000122070312
2015-08-13,119.95999908447266
2015-08-14,119.37000274658203
2015-08-17,120.2699966430664
2015-08-18,124.33999633789062
2015-08-19,122.13999938964844
2015-08-20,118.76000213623047
2015-08-24,129.4600067138672
2015-08-25,126.77999877929688
2015-08-26,124.3499984741211
2015-08-27,126.30999755859375
2015-08-28,130.3800048828125
2015-08-31,129.36000061035156
2015-09-01,125.3499984741211
2015-09-02,125.3499984741211
2015-09-03,132.42999267578125
2015-09-04,142.19000244140625
2015-09-08,132.3699951171875
2015-09-09,137.02999877929688
2015-09-10,131.4199981689453
2015-09-11,118.18000030517578
2015-09-14,142.92999267578125
2015-09-15,136.0
2015-09-16,142.16000366210938
2015-09-17,137.49000549316406
2015-09-18,119.47000122070312
2015-09-21,135.4499969482422
2015-09-22,135.94000244140625
2015-09-23,136.7100067138672
2015-09-24,134.02999877929688
2015-09-25,135.16000366210938
2015-09-28,134.17999267578125
2015-09-29,136.7100067138672
2015-09-30,113.9000015258789
2015-10-01,124.80999755859375
2015-10-02,115.75
2015-10-05,132.8300018310547
2015-10-06,129.32000732421875
2015-10-07,132.38999938964844
2015-10-08,136.69000244140625
2015-10-09,134.66000366210938
2015-10-12,148.9199981689453
2015-10-13,133.80999755859375
2015-10-14,135.82000732421875
2015-10-15,151.22000122070312
2015-10-16,135.0399932861328
2015-10-19,139.9199981689453
2015-10-20,140.6999969482422
2015-10-21,133.07000732421875
2015-10-22,121.0199966430664
2015-10-23,135.6199951171875
2015-10-26,132.2899932861328
2015-10-27,132.1699981689453
2015-10-28,134.42999267578125
2015-10-29,134.63999938964844
2015-10-30,125.7699966430664
2015-11-02,138.77999877929688
2015-11-03,137.39999389648438
2015-11-04,134.44000244140625
2015-11-05,135.2100067138672
2015-11-06,137.75
2015-11-09,134.33999633789062
2015-11-10,132.24000549316406
2015-11-11,132.44000244140625
2015-11-12,136.92999267578125
2015-11-13,139.5
2015-11-16,131.77000427246094
2015-11-17,136.97000122070312
2015-11-18,136.86000061035156
2015-11-19,139.1699981689453
2015-11-20,126.86000061035156
2015-11-23,139.50999450683594
2015-11-24,138.1699981689453
2015-11-25,139.4499969482422
2015-11-27,137.66000366210938
2015-11-30,127.25
2015-12-01,135.57000732421875
2015-12-02,132.66000366210938
2015-12-03,135.25999450683594
2015-12-04,136.30999755859375
2015-12-07,136.77000427246094
2015-12-08,131.25
2015-12-09,134.25999450683594
2015-12-10,134.94000244140625
2015-12-11,146.52999877929688
2015-12-14,140.9199981689453
2015-12-15,143.35000610351562
2015-12-16,135.5
2015-12-17,131.1999969482422
2015-12-21,125.18000030517578
2015-12-22,133.6300048828125
2015-12-23,134.69000244140625
2015-12-24,128.77999877929688
2015-12-28,136.2899932861328
2015-12-29,139.25999450683594
2015-12-30,143.0
2015-12-31,124.43000030517578
2016-01-04,140.0
2016-01-05,135.07000732421875
2016-01-07,135.94000244140625
2016-01-08,138.8300018310547
2016-01-11,142.52000427246094
2016-01-12,138.6699981689453
2016-01-13,145.8800048828125
2016-01-14,138.7899932861328
2016-01-15,145.02999877929688
2016-01-19,137.89999389648438
2016-01-20,134.82000732421875
2016-01-21,132.99000549316406
2016-01-22,133.63999938964844
2016-01-25,132.27000427246094
2016-01-26,129.52999877929688
2016-01-27,129.05999755859375
2016-01-28,129.22999572753906
2016-01-29,120.86000061035156
2016-02-01,126.37999725341797
2016-02-02,119.83000183105469
2016-02-03,122.04000091552734
2016-02-04,122.69000244140625
2016-02-05,119.01000213623047
2016-02-08,120.25
2016-02-09,120.73999786376953
2016-02-10,120.36000061035156
2016-02-11,122.37999725341797
2016-02-12,117.75
2016-02-16,125.7699966430664
2016-02-17,124.98999786376953
2016-02-18,125.33000183105469
2016-02-19,123.61000061035156
2016-02-22,117.45999908447266
2016-02-23,119.66999816894531
2016-02-24,119.45999908447266
2016-02-25,122.0199966430664
2016-02-26,118.6500015258789
2016-02-29,117.68000030517578
2016-03-01,119.80999755859375
2016-03-02,122.3499984741211
2016-03-03,125.2699966430664
2016-03-04,125.2699966430664
2016-03-07,124.01000213623047
2016-03-08,123.52999877929688
2016-03-09,123.47000122070312
2016-03-10,130.0399932861328
2016-03-11,128.99000549316406
2016-03-14,133.3000030517578
2016-03-15,132.4499969482422
2016-03-16,125.41999816894531
2016-03-17,126.6500015258789
2016-03-18,126.75
2016-03-21,129.35000610351562
2016-03-22,130.99000549316406
2016-03-23,129.6699981689453
2016-03-24,119.0199966430664
2016-03-28,127.73999786376953
2016-03-29,132.61000061035156
2016-03-30,128.6699981689453
2016-03-31,122.02999877929688
2016-04-01,124.02999877929688
2016-04-04,125.2300033569336
2016-04-05,120.2699966430664
2016-04-06,125.05999755859375
2016-04-07,125.12999725341797
2016-04-08,113.83999633789062
2016-04-11,119.12999725341797
2016-04-12,126.16999816894531
2016-04-13,127.12999725341797
2016-04-14,126.2300033569336
2016-04-15,123.0999984741211
2016-04-18,120.55000305175781
2016-04-19,126.19000244140625
2016-04-20,126.19999694824219
2016-04-21,127.05999755859375
2016-04-22,123.25
2016-04-25,126.77999877929688
2016-04-26,127.4000015258789
2016-04-27,126.08999633789062
2016-04-28,125.44000244140625
2016-04-29,126.48999786376953
2016-05-02,127.66999816894531
2016-05-03,125.94000244140625
2016-05-04,124.30999755859375
2016-05-05,123.73999786376953
2016-05-06,120.81999969482422
2016-05-09,123.16999816894531
2016-05-10,124.0999984741211
2016-05-11,122.19000244140625
2016-05-12,123.5199966430664
2016-05-13,121.45999908447266
2016-05-16,124.12999725341797
2016-05-17,122.95999908447266
2016-05-18,122.22000122070312
2016-05-19,123.66000366210938
2016-05-20,125.61000061035156
2016-05-23,124.73999786376953
2016-05-24,124.73999786376953
2016-05-25,127.12999725341797
2016-05-26,129.27999877929688
2016-05-27,129.61000061035156
2016-05-31,127.69999694824219
2016-06-01,132.4600067138672
2016-06-02,134.14999389648438
2016-06-03,125.04000091552734
2016-06-06,125.56999969482422
2016-06-07,128.5399932861328
2016-06-08,129.22999572753906
2016-06-09,129.30999755859375
2016-06-10,133.6699981689453
2016-06-13,137.49000549316406
2016-06-14,138.02000427246094
2016-06-15,140.91000366210938
2016-06-16,142.5
2016-06-17,137.94000244140625
2016-06-20,137.80999755859375
2016-06-21,135.9199981689453
2016-06-22,136.47999572753906
2016-06-23,145.6999969482422
2016-06-24,142.9199981689453
2016-06-27,136.42999267578125
2016-06-28,153.66000366210938
2016-06-29,136.4600067138672
2016-06-30,140.5800018310547
2016-07-01,128.52999877929688
2016-07-05,125.3499984741211
2016-07-06,123.13999938964844
2016-07-07,124.72000122070312
2016-07-08,127.19999694824219
2016-07-11,125.02999877929688
2016-07-12,126.0999984741211
2016-07-13,127.29000091552734
2016-07-14,128.27999877929688
2016-07-15,129.75999450683594
2016-07-18,125.37999725341797
2016-07-19,129.9199981689453
2016-07-20,128.49000549316406
2016-07-21,128.00999450683594
2016-07-22,128.36000061035156
2016-07-25,129.64999389648438
2016-07-26,130.02000427246094
2016-07-27,125.68000030517578
2016-07-28,128.50999450683594
2016-07-29,128.25
2016-08-01,128.00999450683594
2016-08-02,129.25
2016-08-03,129.99000549316406
2016-08-04,127.05999755859375
2016-08-05,130.60000610351562
2016-08-08,132.94000244140625
2016-08-09,135.55999755859375
2016-08-10,133.25
2016-08-11,131.27999877929688
2016-08-12,132.1300048828125
2016-08-15,134.4499969482422
2016-08-16,132.27000427246094
2016-08-17,136.7100067138672
2016-08-18,134.8699951171875
2016-08-19,136.5800018310547
2016-08-22,135.1999969482422
2016-08-23,131.7899932861328
2016-08-24,130.42999267578125
2016-08-25,131.05999755859375
2016-08-26,132.39999389648438
2016-08-29,131.3000030517578
2016-08-30,136.13999938964844
2016-08-31,129.25
2016-09-01,129.8300018310547
2016-09-02,128.39999389648438
2016-09-06,131.16000366210938
2016-09-07,130.94000244140625
2016-09-08,129.74000549316406
2016-09-09,125.25
2016-09-12,134.17999267578125
2016-09-13,131.55999755859375
2016-09-14,127.4000015258789
2016-09-15,130.57000732421875
2016-09-19,125.80999755859375
2016-09-20,126.8499984741211
2016-09-21,122.12999725341797
2016-09-22,124.29000091552734
2016-09-23,125.12999725341797
2016-09-26,121.72000122070312
2016-09-27,123.73999786376953
2016-09-28,126.8499984741211
2016-09-29,122.66999816894531
2016-09-30,124.58000183105469
2016-10-03,122.86000061035156
2016-10-04,119.66999816894531
2016-10-05,121.54000091552734
2016-10-06,120.4800033569336
2016-10-07,119.94999694824219
2016-10-10,123.83999633789062
2016-10-11,119.79000091552734
2016-10-12,122.33999633789062
2016-10-13,123.31999969482422
2016-10-14,121.86000061035156
2016-10-17,124.08000183105469
2016-10-18,122.76000213623047
2016-10-19,122.55999755859375
2016-10-20,123.91000366210938
2016-10-21,123.0
2016-10-24,124.5999984741211
2016-10-25,122.83000183105469
2016-10-26,123.30999755859375
2016-10-27,122.3499984741211
2016-10-28,126.3499984741211
2016-10-31,126.12000274658203
2016-11-01,124.45999908447266
2016-11-02,126.1500015258789
2016-11-03,141.17999267578125
2016-11-04,133.02999877929688
2016-11-07,134.91000366210938
2016-11-08,135.60000610351562
2016-11-09,134.61000061035156
2016-11-10,127.0
2016-11-11,121.70999908447266
2016-11-14,122.70999908447266
2016-11-15,119.79000091552734
2016-11-16,123.7699966430664
2016-11-17,123.05999755859375
2016-11-18,126.37999725341797
2016-11-21,124.01000213623047
2016-11-22,127.9800033569336
2016-11-23,125.33000183105469
2016-11-25,126.2699966430664
2016-11-28,125.75
2016-11-29,128.30999755859375
2016-11-30,126.38999938964844
2016-12-01,128.3699951171875
2016-12-02,128.99000549316406
2016-12-05,128.35000610351562
2016-12-06,130.9199981689453
2016-12-07,123.61000061035156
2016-12-08,119.08000183105469
2016-12-09,119.51000213623047
2016-12-12,123.27999877929688
2016-12-13,119.33999633789062
2016-12-14,125.43000030517578
2016-12-15,129.44000244140625
2016-12-16,131.9499969482422
2016-12-19,130.47000122070312
2016-12-20,122.08999633789062
2016-12-21,124.9000015258789
2016-12-22,128.02000427246094
2016-12-23,120.51000213623047
2016-12-27,123.6500015258789
2016-12-28,122.37000274658203
2016-12-29,124.56999969482422
2016-12-30,127.26000213623047
2017-01-03,125.79000091552734
2017-01-04,124.4000015258789
2017-01-05,128.2100067138672
2017-01-06,123.66999816894531
2017-01-09,122.58999633789062
2017-01-10,121.83999633789062
2017-01-11,123.05999755859375
2017-01-12,126.22000122070312
2017-01-13,132.32000732421875
2017-01-17,131.5500030517578
2017-01-18,143.42999267578125
2017-01-19,141.02999877929688
2017-01-20,146.3300018310547
2017-01-23,137.77999877929688
2017-01-24,138.16000366210938
2017-01-25,128.8000030517578
2017-01-26,129.5800018310547
2017-01-27,129.9499969482422
2017-01-30,134.32000732421875
2017-01-31,138.0800018310547
2017-02-01,133.97000122070312
2017-02-02,136.64999389648438
2017-02-03,133.25
2017-02-06,131.41000366210938
2017-02-07,130.4600067138672
2017-02-08,134.00999450683594
2017-02-09,129.19000244140625
2017-02-10,130.47000122070312
2017-02-13,130.10000610351562
2017-02-14,133.66000366210938
2017-02-15,137.5500030517578
2017-02-16,141.41000366210938
2017-02-17,141.1300048828125
2017-02-21,136.92999267578125
2017-02-22,138.24000549316406
2017-02-23,137.91000366210938
2017-02-24,138.66000366210938
2017-02-27,134.38999938964844
2017-02-28,131.97999572753906
2017-03-01,132.16000366210938
2017-03-02,133.36000061035156
2017-03-03,136.10000610351562
2017-03-06,140.1699981689453
2017-03-07,138.85000610351562
2017-03-08,139.6300048828125
2017-03-09,139.47999572753906
2017-03-10,138.99000549316406
2017-03-13,145.75
2017-03-14,146.11000061035156
2017-03-15,147.1999969482422
2017-03-16,149.49000549316406
2017-03-17,154.33999633789062
2017-03-20,152.92999267578125
2017-03-21,141.02000427246094
2017-03-22,136.07000732421875
2017-03-23,132.5399932861328
2017-03-24,136.6199951171875
2017-03-27,135.3699951171875
2017-03-28,134.42999267578125
2017-03-29,132.3699951171875
2017-03-30,138.83999633789062
2017-03-31,138.30999755859375
2017-04-03,135.22999572753906
2017-04-04,132.27999877929688
2017-04-05,130.91000366210938
2017-04-06,131.27000427246094
2017-04-07,132.6999969482422
2017-04-10,132.86000061035156
2017-04-11,136.66000366210938
2017-04-12,131.92999267578125
2017-04-13,134.36000061035156
2017-04-17,139.6300048828125
2017-04-18,137.1999969482422
2017-04-19,140.1999969482422
2017-04-20,146.85000610351562
2017-04-21,148.4199981689453
2017-04-24,144.4499969482422
2017-04-25,139.0399932861328
2017-04-26,142.1300048828125
2017-04-27,142.5500030517578
2017-04-28,146.97999572753906
2017-05-01,128.4600067138672
2017-05-02,127.48999786376953
2017-05-03,129.38999938964844
2017-05-04,130.47999572753906
2017-05-05,131.36000061035156
2017-05-08,128.1199951171875
2017-05-09,128.27999877929688
2017-05-10,128.27000427246094
2017-05-11,128.2100067138672
2017-05-12,129.64999389648438
2017-05-15,129.44000244140625
2017-05-16,131.24000549316406
2017-05-17,133.50999450683594
2017-05-18,137.00999450683594
2017-05-19,131.38999938964844
2017-05-22,128.57000732421875
2017-05-23,124.54000091552734
2017-05-24,123.11000061035156
2017-05-25,123.6500015258789
2017-05-26,125.41000366210938
2017-05-30,125.37000274658203
2017-05-31,125.11000061035156
2017-06-01,124.55000305175781
2017-06-02,124.2300033569336
2017-06-05,125.05000305175781
2017-06-06,125.72000122070312
2017-06-07,125.9800033569336
2017-06-08,127.08999633789062
2017-06-09,131.25999450683594
2017-06-12,136.86000061035156
2017-06-13,136.41000366210938
2017-06-14,135.88999938964844
2017-06-15,134.1199951171875
2017-06-16,135.02000427246094
2017-06-19,138.77000427246094
2017-06-20,133.3699951171875
2017-06-21,129.88999938964844
2017-06-22,130.86000061035156
2017-06-23,132.75999450683594
2017-06-26,128.60000610351562
2017-06-27,125.45999908447266
2017-06-28,126.94999694824219
2017-06-29,129.14999389648438
2017-06-30,129.50999450683594
2017-07-03,126.62999725341797
2017-07-05,128.6699981689453
2017-07-06,127.25
2017-07-07,131.5800018310547
2017-07-10,133.39999389648438
2017-07-11,132.75
2017-07-12,134.9499969482422
2017-07-13,138.35000610351562
2017-07-14,137.7100067138672
2017-07-17,139.8699951171875
2017-07-18,137.52999877929688
2017-07-19,136.8800048828125
2017-07-20,130.8800048828125
2017-07-21,134.52999877929688
2017-07-24,132.6699981689453
2017-07-25,135.61000061035156
2017-07-26,135.61000061035156
2017-07-27,140.80999755859375
2017-07-28,139.91000366210938
2017-07-31,139.82000732421875
2017-08-01,138.72000122070312
2017-08-02,142.02000427246094
2017-08-03,138.32000732421875
2017-08-04,139.80999755859375
2017-08-07,138.91000366210938
2017-08-08,140.0500030517578
2017-08-09,141.1999969482422
2017-08-10,136.47999572753906
2017-08-11,135.42999267578125
2017-08-14,142.07000732421875
2017-08-15,143.22999572753906
2017-08-17,142.72999572753906
2017-08-18,128.86000061035156
2017-08-21,131.61000061035156
2017-08-22,135.72000122070312
2017-08-23,129.97999572753906
2017-08-24,129.9499969482422
2017-08-25,130.16000366210938
2017-08-28,128.32000732421875
2017-08-29,131.47999572753906
2017-08-30,130.52999877929688
2017-08-31,134.0
2017-09-01,134.85000610351562
2017-09-05,133.47999572753906
2017-09-06,136.47999572753906
2017-09-07,135.38999938964844
2017-09-08,130.57000732421875
2017-09-11,136.9600067138672
2017-09-12,139.60000610351562
2017-09-13,142.74000549316406
2017-09-15,144.5399932861328
2017-09-18,143.64999389648438
2017-09-19,142.63999938964844
2017-09-20,138.94000244140625
2017-09-21,137.8699951171875
2017-09-22,137.5
2017-09-25,135.07000732421875
2017-09-26,134.25
2017-09-27,129.49000549316406
2017-09-28,132.99000549316406
2017-09-29,137.75
2017-10-02,138.02000427246094
2017-10-03,137.14999389648438
2017-10-04,144.19000244140625
2017-10-05,140.3300018310547
2017-10-06,140.35000610351562
2017-10-09,139.8300018310547
2017-10-10,139.24000549316406
2017-10-11,138.74000549316406
2017-10-12,136.36000061035156
2017-10-13,138.27999877929688
2017-10-16,147.52999877929688
2017-10-17,150.1199951171875
2017-10-18,147.9499969482422
2017-10-19,146.16000366210938
2017-10-20,148.80999755859375
2017-10-23,142.4600067138672
2017-10-24,142.14999389648438
2017-10-25,138.0
2017-10-26,135.36000061035156
2017-10-27,135.6999969482422
2017-10-30,132.5399932861328
2017-10-31,131.80999755859375
2017-11-01,129.0500030517578
2017-11-02,128.97000122070312
2017-11-03,130.33999633789062
2017-11-06,130.52000427246094
2017-11-07,129.14999389648438
2017-11-08,131.5
2017-11-09,128.9499969482422
2017-11-10,130.55999755859375
2017-11-13,129.75
2017-11-14,130.14999389648438
2017-11-15,135.2100067138672
2017-11-16,136.3000030517578
2017-11-17,137.19000244140625
2017-11-20,135.8300018310547
2017-11-21,133.55999755859375
2017-11-22,132.52000427246094
2017-11-24,130.97999572753906
2017-11-27,130.17999267578125
2017-11-28,124.08000183105469
2017-11-29,126.27999877929688
2017-11-30,128.89999389648438
2017-12-01,128.8300018310547
2017-12-04,132.13999938964844
2017-12-05,132.07000732421875
2017-12-06,130.97999572753906
2017-12-07,130.83999633789062
2017-12-08,132.5399932861328
2017-12-11,133.97999572753906
2017-12-12,133.02000427246094
2017-12-13,134.7100067138672
2017-12-14,134.02999877929688
2017-12-15,135.72999572753906
2017-12-18,132.72000122070312
2017-12-19,130.69000244140625
2017-12-20,133.14999389648438
2017-12-21,132.6300048828125
2017-12-22,134.39999389648438
2017-12-26,135.60000610351562
2017-12-27,138.42999267578125
2017-12-28,137.82000732421875
2017-12-29,137.0500030517578
2018-01-02,135.3699951171875
2018-01-03,133.42999267578125
2018-01-04,131.24000549316406
2018-01-05,127.02999877929688
2018-01-08,128.0
2018-01-09,126.37000274658203
2018-01-10,129.1199951171875
2018-01-11,126.0999984741211
2018-01-12,124.94999694824219
2018-01-16,128.64999389648438
2018-01-17,136.19000244140625
2018-01-18,131.41000366210938
2018-01-19,132.27999877929688
2018-01-22,127.18000030517578
2018-01-23,122.94999694824219
2018-01-24,120.19999694824219
2018-01-25,121.87000274658203
2018-01-26,117.98999786376953
2018-01-29,118.80000305175781
2018-01-30,122.8499984741211
2018-01-31,121.2300033569336
2018-02-01,120.58999633789062
2018-02-02,126.44999694824219
2018-02-06,129.61000061035156
2018-02-07,136.89999389648438
2018-02-08,130.9199981689453
2018-02-09,128.50999450683594
2018-02-12,148.02000427246094
2018-02-13,143.07000732421875
2018-02-14,127.83999633789062
2018-02-15,131.6699981689453
2018-02-20,131.6300048828125
2018-02-21,130.02999877929688
2018-02-22,134.30999755859375
2018-02-23,139.1999969482422
2018-02-26,131.72000122070312
2018-02-27,132.27000427246094
2018-02-28,138.9499969482422
2018-03-01,136.5399932861328
2018-03-02,127.4800033569336
2018-03-05,130.1199951171875
2018-03-06,128.41000366210938
2018-03-07,128.1699981689453
2018-03-08,129.6199951171875
2018-03-09,127.79000091552734
2018-03-12,141.97999572753906
2018-03-13,140.42999267578125
2018-03-14,141.66000366210938
2018-03-15,146.5500030517578
2018-03-16,147.35000610351562
2018-03-19,143.9600067138672
2018-03-20,139.52000427246094
2018-03-22,131.52000427246094
2018-03-23,130.7899932861328
2018-03-26,128.9600067138672
2018-03-27,128.64999389648438
2018-03-28,128.3300018310547
2018-03-29,119.33999633789062
2018-04-02,119.68000030517578
2018-04-03,118.37999725341797
2018-04-04,119.2300033569336
2018-04-05,121.51000213623047
2018-04-06,122.38999938964844
2018-04-09,119.9000015258789
2018-04-10,121.25
2018-04-11,122.2699966430664
2018-04-12,122.29000091552734
2018-04-13,126.0
2018-04-16,131.47000122070312
2018-04-17,130.57000732421875
2018-04-18,146.25999450683594
2018-04-19,138.1999969482422
2018-04-20,133.07000732421875
2018-04-23,126.4800033569336
2018-04-24,126.5
2018-04-25,124.29000091552734
2018-04-26,127.08000183105469
2018-04-27,128.39999389648438
2018-04-30,130.77000427246094
2018-05-01,128.2100067138672
2018-05-02,122.41999816894531
2018-05-03,126.79000091552734
2018-05-04,127.37000274658203
2018-05-07,123.04000091552734
2018-05-08,125.0999984741211
2018-05-09,126.05000305175781
2018-05-10,129.35000610351562
2018-05-14,133.97000122070312
2018-05-15,136.75999450683594
2018-05-16,134.4499969482422
2018-05-17,134.77999877929688
2018-05-18,133.32000732421875
2018-05-21,134.02000427246094
2018-05-22,134.61000061035156
2018-05-23,135.61000061035156
2018-05-24,139.24000549316406
2018-05-25,140.77999877929688
2018-05-29,141.83999633789062
2018-05-30,143.88999938964844
2018-06-01,134.52999877929688
2018-06-04,132.6999969482422
2018-06-05,132.5800018310547
2018-06-06,136.57000732421875
2018-06-07,133.83999633789062
2018-06-08,133.11000061035156
2018-06-11,138.92999267578125
2018-06-12,142.82000732421875
2018-06-13,141.74000549316406
2018-06-14,142.38999938964844
2018-06-15,140.9199981689453
2018-06-18,140.9199981689453
2018-06-19,139.35000610351562
2018-06-20,140.82000732421875
2018-06-21,139.94000244140625
2018-06-22,140.5399932861328
2018-06-25,134.66000366210938
2018-06-26,134.9199981689453
2018-06-27,131.3000030517578
2018-06-28,136.33999633789062
2018-06-29,141.72000122070312
2018-07-02,140.88999938964844
2018-07-03,134.57000732421875
2018-07-05,139.86000061035156
2018-07-06,141.02000427246094
2018-07-09,138.9600067138672
2018-07-10,139.25999450683594
2018-07-11,136.85000610351562
2018-07-12,138.22000122070312
2018-07-13,142.47999572753906
2018-07-16,148.16000366210938
2018-07-17,149.5800018310547
2018-07-18,154.25
2018-07-19,150.97999572753906
2018-07-20,152.72000122070312
2018-07-23,153.77999877929688
2018-07-24,145.94000244140625
2018-07-25,145.08999633789062
2018-07-26,142.17999267578125
2018-07-27,144.57000732421875
2018-07-30,141.57000732421875
2018-07-31,144.49000549316406
2018-08-01,142.77000427246094
2018-08-02,143.8300018310547
2018-08-03,146.19000244140625
2018-08-06,142.00999450683594
2018-08-07,138.94000244140625
2018-08-08,139.83999633789062
2018-08-09,138.61000061035156
2018-08-10,149.1999969482422
2018-08-13,159.02999877929688
2018-08-14,152.41000366210938
2018-08-15,148.39999389648438
2018-08-16,148.4499969482422
2018-08-17,146.00999450683594
2018-08-20,145.5500030517578
2018-08-21,144.6999969482422
2018-08-22,143.75
2018-08-23,147.3800048828125
2018-08-24,148.1999969482422
2018-08-27,144.85000610351562
2018-08-28,140.8800048828125
2018-08-29,140.75999450683594
2018-08-30,141.82000732421875
2018-08-31,146.91000366210938
2018-09-04,142.17999267578125
2018-09-05,142.22000122070312
2018-09-06,140.55999755859375
2018-09-07,145.8699951171875
2018-09-10,144.8800048828125
2018-09-11,147.8800048828125
2018-09-12,148.75
2018-09-13,150.63999938964844
2018-09-14,151.58999633789062
2018-09-17,150.9499969482422
2018-09-18,151.3699951171875
2018-09-19,145.19000244140625
2018-09-20,144.83999633789062
2018-09-21,141.5500030517578
2018-09-24,138.83999633789062
2018-09-25,137.67999267578125
2018-09-26,140.97999572753906
2018-09-27,142.10000610351562
2018-09-28,144.42999267578125
2018-10-01,141.52000427246094
2018-10-02,137.97999572753906
2018-10-03,136.3300018310547
2018-10-05,130.27999877929688
2018-10-08,129.63999938964844
2018-10-09,128.97999572753906
2018-10-10,127.6500015258789
2018-10-11,130.85000610351562
2018-10-12,125.51000213623047
2018-10-15,128.32000732421875
2018-10-16,132.14999389648438
2018-10-17,130.64999389648438
2018-10-18,125.95999908447266
2018-10-19,124.94000244140625
2018-10-22,125.68000030517578
2018-10-23,126.54000091552734
2018-10-24,128.91000366210938
2018-10-25,125.26000213623047
2018-10-26,121.69999694824219
2018-10-29,120.83000183105469
2018-10-30,118.11000061035156
2018-10-31,117.63999938964844
2018-11-01,118.27999877929688
2018-11-02,115.7300033569336
2018-11-05,118.88999938964844
2018-11-06,119.93000030517578
2018-11-07,120.55999755859375
2018-11-08,121.8499984741211
2018-11-09,120.05999755859375
2018-11-13,122.05999755859375
2018-11-14,120.68000030517578
2018-11-15,120.76000213623047
2018-11-16,118.70999908447266
2018-11-19,115.79000091552734
2018-11-20,119.55000305175781
2018-11-21,119.30999755859375
2018-11-23,117.20999908447266
2018-11-26,117.56999969482422
2018-11-27,115.83000183105469
2018-11-28,115.95999908447266
2018-11-29,115.48999786376953
2018-11-30,114.70999908447266
2018-12-03,118.45999908447266
2018-12-04,117.76000213623047
2018-12-06,116.68000030517578
2018-12-07,114.30000305175781
2018-12-10,117.63999938964844
2018-12-11,116.80000305175781
2018-12-12,116.77999877929688
2018-12-13,117.02999877929688
2018-12-14,118.5999984741211
2018-12-17,123.95999908447266
2018-12-18,124.2300033569336
2018-12-19,125.37999725341797
2018-12-20,124.06999969482422
2018-12-21,122.16999816894531
2018-12-24,118.2699966430664
2018-12-26,116.47000122070312
2018-12-27,115.18000030517578
2018-12-28,117.26000213623047
2019-01-02,116.05999755859375
2019-01-03,112.22000122070312
2019-01-04,111.44000244140625
2019-01-07,113.55999755859375
2019-01-08,115.30000305175781
2019-01-09,117.01000213623047
2019-01-10,117.72000122070312
2019-01-11,119.08999633789062
2019-01-14,125.19999694824219
2019-01-15,126.87000274658203
2019-01-16,131.66000366210938
2019-01-17,133.02000427246094
2019-01-22,122.81999969482422
2019-01-23,123.87999725341797
2019-01-24,130.9199981689453
2019-01-25,126.11000061035156
2019-01-28,123.05999755859375
2019-01-29,121.9000015258789
2019-01-30,123.27999877929688
2019-01-31,126.52999877929688
2019-02-01,126.02999877929688
2019-02-04,128.39999389648438
2019-02-05,123.41999816894531
2019-02-06,123.72000122070312
2019-02-07,124.44999694824219
2019-02-08,127.72000122070312
2019-02-11,129.19000244140625
2019-02-12,128.60000610351562
2019-02-13,127.12000274658203
2019-02-14,126.88999938964844
2019-02-15,129.5500030517578
2019-02-19,124.68000030517578
2019-02-20,123.38999938964844
2019-02-21,122.41999816894531
2019-02-22,121.08000183105469
2019-02-25,127.66999816894531
2019-02-26,125.52999877929688
2019-02-27,126.44000244140625
2019-02-28,126.44000244140625
2019-03-01,126.97000122070312
2019-03-04,125.04000091552734
2019-03-05,126.4000015258789
2019-03-06,125.80000305175781
2019-03-07,123.13999938964844
2019-03-08,125.7300033569336
2019-03-11,132.92999267578125
2019-03-14,130.57000732421875
2019-03-15,128.75999450683594
2019-03-18,127.0999984741211
2019-03-19,123.12999725341797
2019-03-20,120.58999633789062
2019-03-21,120.66999816894531
2019-03-22,117.55000305175781
2019-03-25,117.5999984741211
2019-03-26,117.80000305175781
2019-03-27,117.66000366210938
2019-03-28,119.25
2019-03-29,120.95999908447266
2019-04-01,126.7699966430664
2019-04-02,127.30999755859375
2019-04-03,127.30999755859375
2019-04-04,126.2300033569336
2019-04-05,128.75
2019-04-08,129.1300048828125
2019-04-09,127.66000366210938
2019-04-10,127.61000061035156
2019-04-11,126.2300033569336
2019-04-12,124.22000122070312
2019-04-15,127.69000244140625
2019-04-16,125.80999755859375
2019-04-17,125.77999877929688
2019-04-18,123.5999984741211
2019-04-22,124.23999786376953
2019-04-23,124.6500015258789
2019-04-24,123.80999755859375
2019-04-25,124.18000030517578
2019-04-26,126.29000091552734
2019-04-29,125.79000091552734
2019-04-30,126.47000122070312
2019-05-01,125.31999969482422
2019-05-02,124.58999633789062
2019-05-03,122.22000122070312
2019-05-06,123.2300033569336
2019-05-07,116.87999725341797
2019-05-08,117.79000091552734
2019-05-09,117.68000030517578
2019-05-10,118.54000091552734
2019-05-13,119.36000061035156
2019-05-14,119.94999694824219
2019-05-15,120.87000274658203
2019-05-16,121.08999633789062
2019-05-17,118.69000244140625
2019-05-20,115.25
2019-05-21,117.16999816894531
2019-05-22,115.41999816894531
2019-05-23,114.70999908447266
2019-05-24,114.12000274658203
2019-05-28,112.58000183105469
2019-05-29,111.93000030517578
2019-05-30,112.68000030517578
2019-05-31,112.6500015258789
2019-06-03,112.31999969482422
2019-06-04,112.73999786376953
2019-06-05,112.91000366210938
2019-06-06,113.88999938964844
2019-06-07,114.66999816894531
2019-06-10,114.37999725341797
2019-06-11,113.80999755859375
2019-06-12,114.66000366210938
2019-06-13,113.33000183105469
2019-06-14,113.33000183105469
2019-06-17,115.30000305175781
2019-06-18,116.20999908447266
2019-06-19,115.93000030517578
2019-06-20,119.2300033569336
2019-06-21,118.45999908447266
2019-06-24,117.08999633789062
2019-06-25,116.83000183105469
2019-06-26,117.16000366210938
2019-06-27,117.5
2019-06-28,117.5
2019-07-01,118.12000274658203
2019-07-02,122.13999938964844
2019-07-03,120.81999969482422
2019-07-05,126.66000366210938
2019-07-08,121.41999816894531
2019-07-09,120.44000244140625
2019-07-10,120.66000366210938
2019-07-11,122.44999694824219
2019-07-12,123.6500015258789
2019-07-15,126.22000122070312
2019-07-16,125.1500015258789
2019-07-17,123.9800033569336
2019-07-18,123.9800033569336
2019-07-19,125.5
2019-07-22,125.36000061035156
2019-07-23,124.6500015258789
2019-07-24,124.6500015258789
2019-07-25,121.87999725341797
2019-07-26,121.87999725341797
2019-07-29,123.2699966430664
2019-07-30,121.94000244140625
2019-07-31,121.94000244140625
2019-08-01,121.70999908447266
2019-08-02,117.06999969482422
2019-08-05,117.25
2019-08-06,113.30000305175781
2019-08-07,114.19999694824219
2019-08-08,113.95999908447266
2019-08-09,117.70999908447266
2019-08-12,116.33999633789062
2019-08-13,115.1500015258789
2019-08-14,117.58000183105469
2019-08-15,113.4800033569336
2019-08-16,112.5199966430664
2019-08-19,115.83999633789062
2019-08-20,116.4800033569336
2019-08-21,114.77999877929688
2019-08-22,114.4800033569336
2019-08-23,114.45999908447266
2019-08-26,112.62000274658203
2019-08-27,113.06999969482422
2019-08-28,113.6500015258789
2019-08-29,113.6500015258789
2019-08-30,115.0199966430664
2019-09-03,114.68000030517578
2019-09-04,115.98999786376953
2019-09-05,115.98999786376953
2019-09-06,118.87000274658203
2019-09-09,118.79000091552734
2019-09-10,119.01000213623047
2019-09-11,119.94999694824219
2019-09-12,119.94999694824219
2019-09-13,118.4000015258789
2019-09-16,119.16000366210938
2019-09-17,117.94000244140625
2019-09-18,117.94000244140625
2019-09-19,118.7699966430664
2019-09-20,118.7699966430664
2019-09-23,117.5
2019-09-24,118.01000213623047
2019-09-25,117.9800033569336
2019-09-26,117.51000213623047
2019-09-27,116.61000061035156
2019-09-30,116.61000061035156
2019-10-01,117.66999816894531
2019-10-02,114.01000213623047
2019-10-03,111.47000122070312
2019-10-04,114.54000091552734
2019-10-07,114.54000091552734
2019-10-08,118.76000213623047
2019-10-09,118.41999816894531
2019-10-10,119.94999694824219
2019-10-11,120.8499984741211
2019-10-14,122.4000015258789
2019-10-15,124.8499984741211
2019-10-16,127.16999816894531
2019-10-17,128.00999450683594
2019-10-18,128.00999450683594
2019-10-21,128.44000244140625
2019-10-22,125.79000091552734
2019-10-23,125.79000091552734
2019-10-24,125.22000122070312
2019-10-25,125.69999694824219
2019-10-28,125.69999694824219
2019-10-29,125.26000213623047
2019-10-30,127.29000091552734
2019-10-31,129.63999938964844
2019-11-01,130.7100067138672
2019-11-04,129.74000549316406
2019-11-05,129.74000549316406
2019-11-06,126.77999877929688
2019-11-07,124.68000030517578
2019-11-08,124.68000030517578
2019-11-11,123.30000305175781
2019-11-12,123.8499984741211
2019-11-13,123.18000030517578
2019-11-14,124.61000061035156
2019-11-15,126.27999877929688
2019-11-18,126.58999633789062
2019-11-19,127.45999908447266
2019-11-20,127.45999908447266
2019-11-21,125.63999938964844
2019-11-22,124.87000274658203
2019-11-25,125.52999877929688
2019-11-26,128.64999389648438
2019-11-27,130.27999877929688
2019-11-29,130.3699951171875
2019-12-02,129.8300018310547
2019-12-03,126.3499984741211
2019-12-04,123.30999755859375
2019-12-05,123.63999938964844
2019-12-06,131.47999572753906
2019-12-09,136.55999755859375
2019-12-10,135.0
2019-12-11,134.3699951171875
2019-12-12,132.67999267578125
2019-12-13,144.50999450683594
2019-12-16,143.85000610351562
2019-12-17,137.47999572753906
2019-12-18,144.55999755859375
2019-12-19,150.13999938964844
2019-12-20,147.1699981689453
2019-12-23,143.91000366210938
2019-12-24,143.91000366210938
2019-12-26,143.07000732421875
2019-12-27,143.07000732421875
2019-12-30,140.2899932861328
2019-12-31,139.52000427246094
2020-01-02,137.6999969482422
2020-01-03,133.4600067138672
2020-01-06,132.50999450683594
2020-01-07,129.77999877929688
2020-01-08,136.4199981689453
2020-01-09,133.47000122070312
2020-01-10,128.14999389648438
2020-01-13,131.27000427246094
2020-01-14,130.82000732421875
2020-01-15,130.82000732421875
2020-01-16,133.1300048828125
2020-01-17,134.6199951171875
2020-01-21,132.6999969482422
2020-01-22,129.92999267578125
2020-01-23,131.75999450683594
2020-01-24,127.0199966430664
2020-01-27,127.0199966430664
2020-01-28,127.20999908447266
2020-01-29,125.1500015258789
2020-01-30,125.1500015258789
2020-01-31,135.72999572753906
2020-02-03,127.69999694824219
2020-02-04,127.69999694824219
2020-02-05,129.77999877929688
2020-02-06,129.77999877929688
2020-02-07,134.47999572753906
2020-02-10,133.2899932861328
2020-02-11,133.2899932861328
2020-02-12,133.1999969482422
2020-02-13,133.0399932861328
2020-02-14,133.0399932861328
2020-02-18,137.66000366210938
2020-02-19,141.80999755859375
2020-02-20,137.1199951171875
2020-02-21,137.1199951171875
2020-02-24,135.13999938964844
2020-02-25,130.7899932861328
2020-02-26,130.64999389648438
2020-02-27,130.64999389648438
2020-02-28,130.82000732421875
2020-03-02,126.83999633789062
2020-03-03,123.05999755859375
2020-03-04,127.37999725341797
2020-03-05,123.61000061035156
2020-03-06,126.08000183105469
2020-03-09,121.56999969482422
2020-03-10,121.37999725341797
2020-03-11,121.72000122070312
2020-03-12,115.79000091552734
2020-03-13,115.79000091552734
2020-03-16,114.66000366210938
2020-03-17,116.66999816894531
2020-03-18,113.54000091552734
2020-03-19,115.44000244140625
2020-03-20,118.12000274658203
2020-03-23,117.05000305175781
2020-03-24,117.75
2020-03-25,116.5999984741211
2020-03-26,118.97000122070312
2020-03-27,117.41000366210938
2020-03-30,122.18000030517578
2020-03-31,125.48999786376953
2020-04-01,115.4800033569336
2020-04-02,118.43000030517578
2020-04-03,120.56999969482422
2020-04-06,121.01000213623047
2020-04-07,118.4800033569336
2020-04-08,119.30000305175781
2020-04-09,120.8499984741211
2020-04-13,119.5999984741211
2020-04-14,122.33000183105469
2020-04-15,122.33000183105469
2020-04-16,122.33000183105469
2020-04-17,126.43000030517578
2020-04-20,125.33999633789062
2020-04-21,123.70999908447266
2020-04-22,126.19000244140625
2020-04-23,125.22000122070312
2020-04-24,125.22000122070312
2020-04-27,129.2899932861328
2020-04-28,129.22999572753906
2020-04-29,132.60000610351562
2020-04-30,130.3800048828125
2020-05-01,129.97000122070312
2020-05-04,129.97000122070312
2020-05-05,131.2899932861328
2020-05-06,128.58999633789062
2020-05-07,130.6699981689453
2020-05-08,132.2100067138672
2020-05-11,132.2100067138672
2020-05-12,125.97000122070312
2020-05-13,123.43000030517578
2020-05-14,124.3499984741211
2020-05-15,124.47000122070312
2020-05-18,129.22999572753906
2020-05-19,127.4800033569336
2020-05-20,125.94999694824219
2020-05-21,124.52999877929688
2020-05-22,125.77999877929688
2020-05-26,129.11000061035156
2020-05-27,129.9600067138672
2020-05-28,130.77999877929688
2020-05-29,131.72000122070312
2020-06-01,132.08999633789062
2020-06-02,132.61000061035156
2020-06-03,131.5
2020-06-04,130.77000427246094
2020-06-05,129.8699951171875
2020-06-08,129.11000061035156
2020-06-09,129.11000061035156
2020-06-10,127.73999786376953
2020-06-11,127.73999786376953
2020-06-12,133.5399932861328
2020-06-15,133.5399932861328
2020-06-16,137.3300018310547
2020-06-17,133.85000610351562
2020-06-18,135.49000549316406
2020-06-19,134.89999389648438
2020-06-22,135.5399932861328
2020-06-23,135.1999969482422
2020-06-24,135.1999969482422
2020-06-25,131.9199981689453
2020-06-26,137.47000122070312
2020-06-29,135.75
2020-06-30,148.27000427246094
2020-07-01,142.44000244140625
2020-07-02,146.33999633789062
2020-07-06,140.97999572753906
2020-07-07,138.33999633789062
2020-07-08,138.33999633789062
2020-07-09,138.83999633789062
2020-07-10,135.67999267578125
2020-07-13,135.67999267578125
2020-07-14,128.52000427246094
2020-07-15,146.52999877929688
2020-07-16,142.44000244140625
2020-07-17,140.80999755859375
2020-07-20,145.89999389648438
2020-07-21,134.83999633789062
2020-07-22,140.38999938964844
2020-07-23,140.74000549316406
2020-07-24,139.39999389648438
2020-07-27,139.61000061035156
2020-07-28,139.63999938964844
2020-07-29,140.86000061035156
2020-07-30,138.99000549316406
2020-07-31,138.99000549316406
2020-08-03,141.55999755859375
2020-08-04,141.77000427246094
2020-08-05,139.58999633789062
2020-08-06,139.58999633789062
2020-08-07,139.75
2020-08-10,137.5
2020-08-11,136.38999938964844
2020-08-12,137.00999450683594
2020-08-13,136.11000061035156
2020-08-14,136.82000732421875
2020-08-17,137.4499969482422
2020-08-18,138.0800018310547
2020-08-19,138.0800018310547
2020-08-20,138.1999969482422
2020-08-21,144.0500030517578
2020-08-24,146.72999572753906
2020-08-25,147.22999572753906
2020-08-26,146.52999877929688
2020-08-27,142.08999633789062
2020-08-28,145.07000732421875
2020-08-31,145.72999572753906
2020-09-01,144.6699981689453
2020-09-02,142.27999877929688
2020-09-03,144.66000366210938
2020-09-04,144.66000366210938
2020-09-08,133.27999877929688
2020-09-09,132.50999450683594
2020-09-10,130.16000366210938
2020-09-11,125.41999816894531
2020-09-14,125.41999816894531
2020-09-15,130.9499969482422
2020-09-16,132.9499969482422
2020-09-17,136.05999755859375
2020-09-18,139.41000366210938
2020-09-21,132.08999633789062
2020-09-22,130.63999938964844
2020-09-23,129.83999633789062
2020-09-24,129.83999633789062
2020-09-25,129.1699981689453
2020-09-28,129.25999450683594
2020-09-29,123.93000030517578
2020-09-30,123.93000030517578
2020-10-01,120.94000244140625
2020-10-02,117.77999877929688
2020-10-05,119.52999877929688
2020-10-06,119.52999877929688
2020-10-07,120.5999984741211
2020-10-08,121.80999755859375
2020-10-09,121.80999755859375
2020-10-12,123.94000244140625
2020-10-13,123.94000244140625
2020-10-14,122.5999984741211
2020-10-15,122.5999984741211
2020-10-16,123.47000122070312
2020-10-19,124.75
2020-10-20,125.30999755859375
2020-10-21,124.37999725341797
2020-10-22,124.94000244140625
2020-10-23,126.69999694824219
2020-10-26,126.05000305175781
2020-10-27,126.05000305175781
2020-10-28,127.58000183105469
2020-10-29,129.3000030517578
2020-10-30,128.0500030517578
2020-11-02,129.00999450683594
2020-11-03,133.86000061035156
2020-11-04,136.44000244140625
2020-11-05,133.32000732421875
2020-11-06,127.6500015258789
2020-11-09,124.55999755859375
2020-11-10,127.41000366210938
2020-11-11,126.30000305175781
2020-11-12,129.47000122070312
2020-11-13,131.4199981689453
2020-11-16,129.3300018310547
2020-11-17,129.55999755859375
2020-11-18,128.91000366210938
2020-11-19,133.58999633789062
2020-11-20,133.5500030517578
2020-11-23,133.5399932861328
2020-11-24,134.25999450683594
2020-11-25,134.19000244140625
2020-11-27,133.89999389648438
2020-11-30,132.42999267578125
2020-12-01,133.9499969482422
2020-12-02,132.60000610351562
2020-12-03,134.61000061035156
2020-12-04,132.4600067138672
2020-12-07,133.0800018310547
2020-12-08,132.44000244140625
2020-12-09,134.89999389648438
2020-12-10,135.75
2020-12-11,135.7100067138672
2020-12-14,139.9199981689453
2020-12-15,139.2899932861328
2020-12-16,138.9499969482422
2020-12-17,144.7899932861328
2020-12-18,147.07000732421875
2020-12-21,147.02000427246094
2020-12-22,146.52999877929688
2020-12-23,146.27000427246094
2020-12-24,147.38999938964844
2020-12-28,148.27000427246094
2020-12-29,145.3000030517578
2020-12-30,142.74000549316406
2020-12-31,143.02999877929688
2021-01-04,147.8300018310547
2021-01-05,143.83999633789062
2021-01-06,145.5
2021-01-07,147.05999755859375
2021-01-08,145.9199981689453
2021-01-11,139.25
2021-01-12,134.6999969482422
2021-01-13,139.99000549316406
2021-01-14,139.92999267578125
2021-01-15,138.05999755859375
2021-01-19,136.6999969482422
2021-01-20,141.32000732421875
2021-01-21,146.66000366210938
2021-01-22,144.1999969482422
2021-01-25,145.5500030517578
2021-01-26,143.30999755859375
2021-01-27,143.30999755859375
2021-01-28,137.92999267578125
2021-01-29,145.83999633789062
2021-02-01,134.3000030517578
2021-02-02,141.6300048828125
2021-02-03,141.14999389648438
2021-02-04,136.58999633789062
2021-02-05,136.00999450683594
2021-02-08,135.08999633789062
2021-02-09,136.64999389648438
2021-02-10,140.05999755859375
2021-02-11,139.3300018310547
2021-02-12,137.60000610351562
2021-02-16,137.66000366210938
2021-02-17,140.1699981689453
2021-02-18,144.4499969482422
2021-02-19,142.5500030517578
2021-02-22,141.52999877929688
2021-02-23,138.82000732421875
2021-02-24,136.63999938964844
2021-02-25,138.52000427246094
2021-02-26,142.07000732421875
2021-03-01,136.22999572753906
2021-03-02,141.3300018310547
2021-03-03,141.67999267578125
2021-03-04,140.52999877929688
2021-03-05,137.19000244140625
2021-03-08,135.89999389648438
2021-03-09,137.00999450683594
2021-03-10,134.4499969482422
2021-03-11,138.57000732421875
2021-03-12,139.61000061035156
2021-03-15,140.2899932861328
2021-03-16,141.25999450683594
2021-03-17,142.55999755859375
2021-03-18,143.19000244140625
2021-03-19,148.11000061035156
2021-03-22,141.47000122070312
2021-03-23,146.13999938964844
2021-03-24,143.44000244140625
2021-03-25,143.6999969482422
2021-03-26,140.86000061035156
2021-03-29,145.4600067138672
2021-03-30,143.6699981689453
2021-03-31,142.1999969482422
2021-04-01,140.92999267578125
2021-04-05,136.2899932861328
2021-04-06,139.6300048828125
2021-04-07,142.44000244140625
2021-04-08,140.60000610351562
2021-04-09,139.0399932861328
2021-04-12,132.8800048828125
2021-04-13,134.2899932861328
2021-04-14,134.72000122070312
2021-04-15,137.6699981689453
2021-04-16,139.2899932861328
2021-04-19,138.3300018310547
2021-04-20,137.14999389648438
2021-04-21,134.8699951171875
2021-04-22,139.42999267578125
2021-04-23,138.08999633789062
2021-04-26,140.08999633789062
2021-04-27,139.08999633789062
2021-04-28,139.1300048828125
2021-04-29,139.3699951171875
2021-04-30,139.3000030517578
2021-05-03,146.32000732421875
2021-05-04,143.75
2021-05-05,139.22999572753906
2021-05-06,142.1199951171875
2021-05-07,144.47000122070312
2021-05-10,145.75999450683594
2021-05-11,142.72000122070312
2021-05-12,140.1199951171875
2021-05-13,142.60000610351562
2021-05-14,139.25999450683594
2021-05-17,139.0500030517578
2021-05-18,138.35000610351562
2021-05-19,139.4600067138672
2021-05-20,143.75
2021-05-21,142.9600067138672
2021-05-24,144.50999450683594
2021-05-25,144.63999938964844
2021-05-26,144.60000610351562
2021-05-27,149.82000732421875
2021-05-28,149.35000610351562
2021-06-01,155.30999755859375
2021-06-02,149.0399932861328
2021-06-03,148.58999633789062
2021-06-04,145.2100067138672
2021-06-07,147.75999450683594
2021-06-08,151.2899932861328
2021-06-09,150.6999969482422
2021-06-10,150.7100067138672
2021-06-11,154.80999755859375
2021-06-14,159.27999877929688
2021-06-15,160.63999938964844
2021-06-16,161.35000610351562
2021-06-17,155.97000122070312
2021-06-18,161.00999450683594
2021-06-21,158.36000061035156
2021-06-22,160.50999450683594
2021-06-23,154.85000610351562
2021-06-24,161.0399932861328
2021-06-25,170.5500030517578
2021-06-28,162.08999633789062
2021-06-29,163.83999633789062
2021-06-30,161.85000610351562
2021-07-01,155.64999389648438
2021-07-02,157.94000244140625
2021-07-06,153.75
2021-07-07,152.14999389648438
2021-07-08,152.82000732421875
2021-07-09,155.6999969482422
2021-07-12,157.92999267578125
2021-07-13,154.39999389648438
2021-07-14,154.30999755859375
2021-07-15,154.14999389648438
2021-07-16,151.94000244140625
2021-07-19,155.74000549316406
2021-07-20,154.5
2021-07-21,155.33999633789062
2021-07-22,152.6300048828125
2021-07-23,159.44000244140625
2021-07-26,153.1999969482422
2021-07-27,151.0399932861328
2021-07-28,152.22999572753906
2021-07-29,149.9600067138672
2021-07-30,153.7100067138672
2021-08-02,153.3000030517578
2021-08-03,152.55999755859375
2021-08-04,151.39999389648438
2021-08-05,148.27000427246094
2021-08-09,148.27000427246094
2021-08-11,154.32000732421875
2021-08-12,157.17999267578125
2021-08-13,159.66000366210938
2021-08-16,152.5399932861328
2021-08-17,149.0500030517578
2021-08-18,148.5399932861328
2021-08-19,151.19000244140625
2021-08-20,153.50999450683594
2021-08-23,159.02000427246094
2021-08-24,157.1300048828125
2021-08-25,159.50999450683594
2021-08-26,157.25
2021-08-27,162.42999267578125
2021-08-30,157.99000549316406
2021-08-31,155.91000366210938
2021-09-01,154.75
2021-09-02,156.97999572753906
2021-09-03,162.27000427246094
2021-09-08,153.38999938964844
2021-09-09,149.97000122070312
2021-09-10,151.16000366210938
2021-09-13,148.5
2021-09-14,146.72999572753906
2021-09-15,154.3300018310547
2021-09-16,152.8800048828125
2021-09-17,149.52000427246094
2021-09-20,141.57000732421875
2021-09-21,139.97999572753906
2021-09-22,144.1199951171875
2021-09-23,146.8699951171875
2021-09-24,145.6699981689453
2021-09-27,144.66000366210938
2021-09-28,140.0800018310547
2021-09-29,137.99000549316406
2021-09-30,135.5500030517578
2021-10-01,135.0500030517578
2021-10-04,130.8699951171875
2021-10-05,131.67999267578125
2021-10-06,131.50999450683594
2021-10-07,133.32000732421875
2021-10-11,134.6999969482422
2021-10-12,134.10000610351562
2021-10-13,135.77000427246094
2021-10-14,143.77999877929688
2021-10-15,147.27000427246094
2021-10-18,143.77000427246094
2021-10-19,141.00999450683594
2021-10-20,141.22999572753906
2021-10-21,140.94000244140625
2021-10-22,139.33999633789062
2021-10-25,140.94000244140625
2021-10-26,141.3000030517578
2021-10-27,140.60000610351562
2021-10-28,144.72999572753906
2021-10-29,148.08999633789062
2021-11-01,145.80999755859375
2021-11-02,146.67999267578125
2021-11-03,149.77000427246094
2021-11-04,151.6699981689453
2021-11-05,148.8300018310547
2021-11-08,149.24000549316406
2021-11-09,144.08999633789062
2021-11-10,144.88999938964844
2021-11-11,144.02999877929688
2021-11-12,144.3699951171875
2021-11-15,142.3800048828125
2021-11-16,139.55999755859375
2021-11-17,141.9600067138672
2021-11-18,144.8000030517578
2021-11-19,148.44000244140625
2021-11-22,147.44000244140625
2021-11-23,146.99000549316406
2021-11-24,148.14999389648438
2021-11-26,148.27000427246094
2021-11-29,149.92999267578125
2021-11-30,150.5500030517578
2021-12-01,155.2100067138672
2021-12-02,151.3800048828125
2021-12-03,149.63999938964844
2021-12-06,151.63999938964844
2021-12-07,151.66000366210938
2021-12-08,151.1999969482422
2021-12-09,149.66000366210938
2021-12-10,147.33999633789062
2021-12-13,146.07000732421875
2021-12-14,137.75999450683594
2021-12-15,141.75
2021-12-16,140.2899932861328
2021-12-17,134.94000244140625
2021-12-20,131.7100067138672
2021-12-21,136.3300018310547
2021-12-23,150.25999450683594
2021-12-27,151.8699951171875
2021-12-28,153.2100067138672
2021-12-29,156.24000549316406
2021-12-30,155.27000427246094
2021-12-31,154.3800048828125
2022-01-03,151.49000549316406
2022-01-04,150.36000061035156
2022-01-05,143.41000366210938
2022-01-06,140.77000427246094
2022-01-07,139.13999938964844
2022-01-10,139.24000549316406
2022-01-11,138.08999633789062
2022-01-12,135.72999572753906
2022-01-13,133.1300048828125
2022-01-14,133.85000610351562
2022-01-18,129.72000122070312
2022-01-19,134.72999572753906
2022-01-20,127.58000183105469
2022-01-21,136.17999267578125
2022-01-24,136.05999755859375
2022-01-25,133.89999389648438
2022-01-26,133.3800048828125
2022-01-27,132.22000122070312
2022-01-28,132.9600067138672
2022-01-31,131.44000244140625
2022-02-01,133.0
2022-02-03,132.75
2022-02-08,127.72000122070312
2022-02-09,129.77999877929688
2022-02-10,128.11000061035156
2022-02-11,126.80999755859375
2022-02-14,128.1199951171875
2022-02-15,129.75999450683594
2022-02-16,132.75
2022-02-17,131.30999755859375
2022-02-18,128.36000061035156
2022-02-22,128.3300018310547
2022-02-23,126.87999725341797
2022-02-24,130.47999572753906
2022-02-25,132.50999450683594
2022-02-28,137.36000061035156
2022-03-01,134.4199981689453
2022-03-02,136.11000061035156
2022-03-03,133.27999877929688
2022-03-07,136.69000244140625
2022-03-08,135.25
2022-03-09,134.1199951171875
2022-03-10,130.94000244140625
2022-03-11,130.6999969482422
2022-03-14,131.80999755859375
2022-03-15,130.66000366210938
2022-03-16,132.0
2022-03-17,134.92999267578125
2022-03-18,136.63999938964844
2022-03-21,135.72999572753906
2022-03-22,139.72000122070312
2022-03-23,136.7100067138672
2022-03-24,138.38999938964844
2022-03-25,140.25999450683594
2022-03-28,138.8699951171875
2022-03-29,140.0
2022-03-30,139.27999877929688
2022-03-31,140.72999572753906
2022-04-01,145.50999450683594
2022-04-04,146.47999572753906
2022-04-05,141.3300018310547
2022-04-06,144.27000427246094
2022-04-07,139.5500030517578
2022-04-08,141.50999450683594
2022-04-11,137.91000366210938
2022-04-12,137.6199951171875
2022-04-13,139.86000061035156
2022-04-14,134.38999938964844
2022-04-18,130.94000244140625
2022-04-20,134.17999267578125
2022-04-21,132.72000122070312
2022-04-22,136.22000122070312
2022-04-25,133.4199981689453
2022-04-27,138.08999633789062
2022-04-28,136.35000610351562
2022-04-29,136.69000244140625
2022-05-02,131.39999389648438
2022-05-03,129.0
2022-05-04,127.75
2022-05-05,128.64999389648438
2022-05-06,126.20999908447266
2022-05-09,127.05000305175781
2022-05-10,125.86000061035156
2022-05-11,124.51000213623047
2022-05-12,119.91000366210938
2022-05-13,122.08999633789062
2022-05-16,117.52999877929688
2022-05-17,117.68000030517578
2022-05-18,123.45999908447266
2022-05-19,122.66000366210938
2022-05-20,122.31999969482422
2022-05-23,120.55000305175781
2022-05-24,122.95999908447266
2022-05-25,118.8499984741211
2022-05-26,122.27999877929688
2022-05-27,121.25
2022-05-31,119.0999984741211
2022-06-01,119.30000305175781
2022-06-02,121.4000015258789
2022-06-03,122.25
2022-06-06,122.36000061035156
2022-06-07,120.66000366210938
2022-06-08,119.12999725341797
2022-06-09,120.66000366210938
2022-06-10,121.63999938964844
2022-06-13,124.13999938964844
2022-06-14,125.16000366210938
2022-06-15,118.36000061035156
2022-06-16,122.4800033569336
2022-06-17,121.1500015258789
2022-06-21,121.37999725341797
2022-06-22,119.22000122070312
2022-06-23,121.11000061035156
2022-06-24,120.43000030517578
2022-06-27,119.9800033569336
2022-06-28,120.45999908447266
2022-06-29,119.26000213623047
2022-06-30,119.94000244140625
2022-07-01,118.58999633789062
2022-07-05,118.19000244140625
2022-07-06,117.44999694824219
2022-07-07,118.76000213623047
2022-07-08,118.12999725341797
2022-07-11,119.80000305175781
2022-07-12,121.33000183105469
2022-07-13,120.41000366210938
2022-07-14,121.91999816894531
2022-07-15,122.4800033569336
2022-07-18,120.55000305175781
2022-07-19,120.04000091552734
2022-07-20,117.23999786376953
2022-07-21,118.70999908447266
2022-07-22,119.1500015258789
2022-07-25,119.45999908447266
2022-07-26,121.29000091552734
2022-07-27,121.91999816894531
2022-07-28,122.66999816894531
2022-07-29,122.29000091552734
2022-08-01,122.94000244140625
2022-08-02,121.77999877929688
2022-08-03,121.16000366210938
2022-08-04,122.80999755859375
2022-08-08,123.69000244140625
2022-08-09,123.91000366210938
2022-08-10,125.04000091552734
2022-08-11,126.83999633789062
2022-08-12,129.33999633789062
2022-08-15,127.62000274658203
2022-08-16,126.08999633789062
2022-08-17,122.05999755859375
2022-08-18,124.22000122070312
2022-08-19,123.68000030517578
2022-08-22,123.93000030517578
2022-08-23,123.83000183105469
2022-08-24,122.77999877929688
2022-08-25,123.0999984741211
2022-08-26,124.56999969482422
2022-08-29,121.97000122070312
2022-08-30,121.01000213623047
2022-08-31,119.70999908447266
2022-09-01,120.73999786376953
2022-09-02,119.80999755859375
2022-09-06,119.83999633789062
2022-09-07,119.05000305175781
2022-09-08,119.08000183105469
2022-09-09,119.66000366210938
2022-09-12,121.05999755859375
2022-09-13,125.45999908447266
2022-09-14,120.19000244140625
2022-09-15,119.97000122070312
2022-09-16,117.70999908447266
2022-09-19,116.26000213623047
2022-09-20,116.69000244140625
2022-09-21,116.20999908447266
2022-09-22,115.86000061035156
2022-09-23,118.98999786376953
2022-09-26,120.01000213623047
2022-09-27,120.38999938964844
2022-09-28,120.37999725341797
2022-09-29,121.54000091552734
2022-10-03,121.37999725341797
2022-10-04,122.45999908447266
2022-10-05,121.77999877929688
2022-10-06,122.44000244140625
2022-10-07,121.80999755859375
2022-10-10,120.06999969482422
2022-10-11,120.12000274658203
2022-10-12,119.98999786376953
2022-10-13,117.81999969482422
2022-10-14,119.30000305175781
2022-10-17,116.97000122070312
2022-10-18,116.87999725341797
2022-10-19,117.26000213623047
2022-10-20,117.41000366210938
2022-10-21,116.19000244140625
2022-10-24,114.97000122070312
2022-10-25,114.63999938964844
2022-10-26,113.86000061035156
2022-10-27,113.2300033569336
2022-10-28,112.05999755859375
2022-10-31,111.95999908447266
2022-11-01,111.44000244140625
2022-11-02,111.98999786376953
2022-11-03,110.33999633789062
2022-11-04,111.62000274658203
2022-11-07,111.66999816894531
2022-11-08,113.55000305175781
2022-11-09,114.36000061035156
2022-11-10,111.41999816894531
2022-11-11,114.08999633789062
2022-11-14,113.66999816894531
2022-11-15,115.94000244140625
2022-11-16,115.55999755859375
2022-11-17,115.23999786376953
2022-11-18,114.97000122070312
2022-11-21,114.5199966430664
2022-11-22,116.23999786376953
2022-11-23,118.6500015258789
2022-11-25,128.11000061035156
2022-11-28,118.47000122070312
2022-11-29,120.37999725341797
2022-11-30,118.47000122070312
2022-12-01,117.79000091552734
2022-12-02,118.11000061035156
2022-12-05,117.75
2022-12-06,117.11000061035156
2022-12-07,117.80999755859375
2022-12-08,117.54000091552734
2022-12-09,119.23999786376953
2022-12-12,121.86000061035156
2022-12-13,122.7300033569336
2022-12-14,124.2300033569336
2022-12-15,124.48999786376953
2022-12-16,120.04000091552734
2022-12-19,117.08999633789062
2022-12-20,115.56999969482422
2022-12-21,114.25
2022-12-22,114.41999816894531
2022-12-23,114.56999969482422
2022-12-27,113.44000244140625
2022-12-28,112.02999877929688
2022-12-29,113.2699966430664
2022-12-30,113.56999969482422
2023-01-03,112.73999786376953
2023-01-04,112.13999938964844
2023-01-05,112.66999816894531
2023-01-06,113.86000061035156
2023-01-09,114.41999816894531
2023-01-10,114.6500015258789
2023-01-11,115.0999984741211
2023-01-12,117.38999938964844
2023-01-13,121.69999694824219
2023-01-17,120.01000213623047
2023-01-18,119.91000366210938
2023-01-19,121.2300033569336
2023-01-20,120.19000244140625
2023-01-23,120.91000366210938
2023-01-24,121.33999633789062
2023-01-25,121.04000091552734
2023-01-26,121.48999786376953
2023-01-27,121.97000122070312
2023-01-30,120.69000244140625
2023-01-31,123.29000091552734
2023-02-01,122.19000244140625
2023-02-02,123.87999725341797
2023-02-03,123.08000183105469
2023-02-06,123.01000213623047
2023-02-07,123.36000061035156
2023-02-08,121.5199966430664
2023-02-09,120.58000183105469
2023-02-10,120.87999725341797
2023-02-13,122.4800033569336
2023-02-15,121.36000061035156
2023-02-16,123.08999633789062
2023-02-17,122.88999938964844
2023-02-21,124.08999633789062
2023-02-22,122.80999755859375
2023-02-23,121.8499984741211
2023-02-24,121.22000122070312
2023-02-27,120.54000091552734
2023-02-28,120.01000213623047
2023-03-01,118.88999938964844
2023-03-03,118.13999938964844
2023-03-06,120.19000244140625
2023-03-07,120.55999755859375
2023-03-09,122.22000122070312
2023-03-10,130.27000427246094
2023-03-13,132.13999938964844
2023-03-14,132.72000122070312
2023-03-15,136.6199951171875
2023-03-16,134.52999877929688
2023-03-17,131.33999633789062
2023-03-20,129.91000366210938
2023-03-21,127.45999908447266
2023-03-22,123.16000366210938
2023-03-24,126.87999725341797
2023-03-27,126.0
2023-03-28,122.9000015258789
2023-03-29,123.76000213623047
2023-03-30,126.30999755859375
2023-03-31,125.8499984741211
2023-04-03,126.20999908447266
2023-04-04,127.02999877929688
2023-04-05,126.9800033569336
2023-04-06,124.41999816894531
2023-04-10,126.95999908447266
2023-04-11,127.41999816894531
2023-04-12,130.0
2023-04-13,132.36000061035156
2023-04-14,134.64999389648438
2023-04-17,135.0399932861328
2023-04-18,137.1199951171875
2023-04-20,133.49000549316406
2023-04-21,132.94000244140625
2023-04-24,132.39999389648438
2023-04-25,130.2899932861328
2023-04-26,130.5
2023-04-27,136.60000610351562
2023-04-28,138.44000244140625
2023-05-01,135.66000366210938
2023-05-02,131.08999633789062
2023-05-03,130.41000366210938
2023-05-04,130.5399932861328
2023-05-05,134.32000732421875
2023-05-08,132.32000732421875
2023-05-09,133.8800048828125
2023-05-10,138.6300048828125
2023-05-12,140.25999450683594
2023-05-15,138.57000732421875
2023-05-16,137.32000732421875
2023-05-17,137.52999877929688
2023-05-18,138.05999755859375
2023-05-19,135.52000427246094
2023-05-22,136.24000549316406
2023-05-23,136.4199981689453
2023-05-24,138.3699951171875
2023-05-25,140.72999572753906
2023-05-30,145.13999938964844
2023-05-31,158.3000030517578
2023-06-01,151.97999572753906
2023-06-02,142.61000061035156
2023-06-05,143.17999267578125
2023-06-06,146.27000427246094
2023-06-07,151.00999450683594
2023-06-08,155.52999877929688
2023-06-09,152.77999877929688
2023-06-12,157.7100067138672
2023-06-13,156.44000244140625
2023-06-14,150.3699951171875
2023-06-15,147.86000061035156
2023-06-16,143.07000732421875
2023-06-20,138.75
2023-06-21,133.72000122070312
2023-06-22,136.14999389648438
2023-06-23,137.85000610351562
2023-06-26,140.08999633789062
2023-06-28,138.3699951171875
2023-06-29,143.0500030517578
2023-06-30,149.9600067138672
2023-07-05,144.0800018310547
2023-07-06,148.4499969482422
2023-07-07,148.1300048828125
2023-07-10,142.49000549316406
2023-07-12,148.32000732421875
2023-07-13,147.0800018310547
2023-07-14,149.47999572753906
2023-07-17,142.24000549316406
2023-07-18,141.86000061035156
2023-07-19,141.25
2023-07-20,142.82000732421875
2023-07-21,142.5500030517578
2023-07-24,143.75
2023-07-25,142.17999267578125
2023-07-26,143.5800018310547
2023-07-27,147.92999267578125
2023-07-28,143.47999572753906
2023-07-31,145.47000122070312
2023-08-01,142.57000732421875
2023-08-02,145.75
2023-08-03,147.3800048828125
2023-08-04,153.35000610351562
2023-08-07,148.5399932861328
2023-08-08,142.3000030517578
2023-08-09,137.1199951171875
2023-08-10,136.5800018310547
2023-08-11,135.16000366210938
2023-08-14,136.89999389648438
2023-08-15,136.69000244140625
2023-08-16,132.08999633789062
2023-08-17,132.50999450683594
2023-08-18,134.77000427246094
2023-08-21,133.58999633789062
2023-08-22,134.05999755859375
2023-08-23,131.82000732421875
2023-08-24,132.47999572753906
2023-08-25,132.27000427246094
2023-08-28,130.19000244140625
2023-08-29,135.22999572753906
2023-08-30,142.13999938964844
2023-08-31,144.6999969482422
2023-09-01,144.27999877929688
2023-09-05,139.6199951171875
2023-09-06,137.8800048828125
2023-09-07,135.58999633789062
2023-09-08,138.17999267578125
2023-09-11,138.2100067138672
2023-09-12,136.25
2023-09-13,137.4199981689453
2023-09-14,144.32000732421875
2023-09-15,142.9199981689453
2023-09-18,137.64999389648438
2023-09-19,137.30999755859375
2023-09-20,135.74000549316406
2023-09-21,135.94000244140625
2023-09-22,137.74000549316406
2023-09-25,133.05999755859375
2023-09-26,136.3000030517578
2023-09-27,135.3800048828125
2023-09-28,133.47999572753906
2023-09-29,134.5
2023-10-03,129.77999877929688
2023-10-04,130.67999267578125
2023-10-05,129.75
2023-10-06,129.36000061035156
2023-10-09,133.63999938964844
2023-10-10,135.1699981689453
2023-10-11,137.61000061035156
2023-10-12,136.1300048828125
2023-10-13,144.3000030517578
2023-10-16,137.9499969482422
2023-10-17,138.72000122070312
2023-10-18,137.10000610351562
2023-10-19,137.72999572753906
2023-10-20,136.74000549316406
2023-10-23,133.9199981689453
2023-10-24,132.44000244140625
2023-10-25,132.2899932861328
2023-10-26,133.3800048828125
2023-10-27,132.74000549316406
2023-10-30,130.1300048828125
2023-10-31,128.2100067138672
2023-11-01,129.82000732421875
2023-11-02,133.8000030517578
2023-11-06,137.88999938964844
2023-11-07,139.52000427246094
2023-11-08,139.41000366210938
2023-11-09,139.27999877929688
2023-11-13,135.27000427246094
2023-11-14,138.3800048828125
2023-11-15,142.97999572753906
2023-11-16,154.4499969482422
2023-11-17,146.8800048828125
2023-11-21,140.8000030517578
2023-11-22,141.5500030517578
2023-11-27,142.1999969482422
2023-11-28,142.67999267578125
2023-11-29,139.82000732421875
2023-11-30,144.5399932861328
2023-12-01,144.5399932861328
2023-12-04,144.5399932861328
2023-12-05,144.5399932861328
2023-12-06,144.5399932861328
2023-12-07,130.83999633789062
2023-12-08,134.10000610351562
2023-12-11,140.89999389648438
2023-12-12,148.8300018310547
2023-12-13,152.02000427246094
2023-12-14,162.50999450683594
2023-12-15,153.25999450683594
2023-12-18,139.36000061035156
2023-12-19,133.17999267578125
2023-12-20,136.86000061035156
2023-12-21,138.17999267578125
2023-12-22,134.4600067138672
2023-12-27,135.63999938964844
2023-12-28,136.89999389648438
2023-12-29,138.0500030517578
2024-01-02,134.8000030517578
2024-01-03,134.22999572753906
2024-01-04,136.60000610351562
2024-01-05,132.67999267578125
2024-01-08,137.0500030517578
2024-01-09,140.9499969482422
2024-01-10,137.39999389648438
2024-01-11,140.36000061035156
2024-01-12,143.80999755859375
2024-01-16,139.94000244140625
2024-01-17,147.75999450683594
2024-01-18,148.14999389648438
2024-01-22,146.00999450683594
2024-01-23,148.1199951171875
2024-01-24,150.25
2024-01-25,153.0500030517578
2024-01-26,151.36000061035156
2024-01-29,149.02999877929688
2024-01-30,148.72999572753906
2024-01-31,150.2100067138672
2024-02-01,160.0800018310547
2024-02-02,160.02000427246094
2024-02-05,155.49000549316406
2024-02-06,152.82000732421875
2024-02-07,151.41000366210938
2024-02-08,150.36000061035156
2024-02-09,156.6199951171875
2024-02-12,152.8000030517578
2024-02-13,170.52000427246094
2024-02-14,160.39999389648438
2024-02-15,148.89999389648438
2024-02-16,142.6199951171875
2024-02-20,141.4499969482422
2024-02-21,142.72000122070312
2024-02-22,145.91000366210938
2024-02-23,144.0
2024-02-26,143.60000610351562
2024-02-27,147.2899932861328
2024-02-28,149.08999633789062
2024-02-29,149.8300018310547
2024-03-01,150.4199981689453
2024-03-04,145.94000244140625
2024-03-05,144.89999389648438
2024-03-06,143.63999938964844
2024-03-07,142.94000244140625
2024-03-08,141.17999267578125
2024-03-11,142.27000427246094
2024-03-12,142.22999572753906
2024-03-13,144.1699981689453
2024-03-14,143.9499969482422
2024-03-15,138.91000366210938
2024-03-18,139.97000122070312
2024-03-19,141.61000061035156
2024-03-20,141.19000244140625
2024-03-21,154.0
2024-03-22,155.83999633789062
2024-03-25,151.60000610351562
2024-03-26,157.60000610351562
2024-03-27,157.11000061035156
2024-03-28,155.44000244140625
2024-04-01,146.3300018310547
2024-04-02,142.13999938964844
2024-04-03,138.52000427246094
2024-04-04,142.49000549316406
2024-04-05,142.63999938964844
2024-04-08,140.6300048828125
2024-04-09,139.27999877929688
2024-04-10,139.94000244140625
2024-04-11,136.16000366210938
2024-04-12,142.30999755859375
2024-04-15,137.72000122070312
2024-04-16,135.60000610351562
2024-04-17,134.3800048828125
2024-04-18,131.8000030517578
2024-04-19,133.39999389648438
2024-04-22,131.67999267578125
2024-04-23,135.61000061035156
2024-04-24,135.05999755859375
2024-04-26,140.86000061035156
2024-04-29,138.3000030517578
2024-04-30,132.39999389648438
2024-05-01,133.35000610351562
2024-05-02,132.1199951171875
2024-05-03,135.17999267578125
2024-05-06,130.0800018310547
2024-05-07,133.63999938964844
2024-05-08,133.24000549316406
2024-05-09,136.4600067138672
2024-05-10,137.3000030517578
2024-05-13,139.64999389648438
2024-05-14,140.17999267578125
2024-05-15,140.63999938964844
2024-05-16,147.85000610351562
2024-05-17,143.0500030517578
2024-05-20,144.5399932861328
2024-05-21,149.52000427246094
2024-05-22,150.13999938964844
2024-05-23,153.3300018310547
2024-05-24,155.86000061035156
2024-05-28,152.22999572753906
2024-05-29,151.8000030517578
2024-05-31,148.10000610351562
2024-06-03,139.00999450683594
2024-06-04,138.17999267578125
2024-06-05,141.39999389648438
2024-06-06,140.17999267578125
2024-06-07,139.61000061035156
2024-06-10,141.55999755859375
2024-06-11,144.6999969482422
2024-06-14,156.17999267578125
2024-06-17,153.83999633789062
2024-06-18,142.89999389648438
2024-06-20,148.60000610351562
2024-06-21,151.7899932861328
2024-06-24,147.1300048828125
2024-06-25,146.63999938964844
2024-06-26,143.49000549316406
2024-06-27,143.05999755859375
2024-06-28,141.7899932861328
2024-07-01,145.82000732421875
2024-07-02,147.16000366210938
2024-07-03,148.8300018310547
2024-07-05,150.1999969482422
2024-07-08,148.52999877929688
2024-07-09,151.08999633789062
2024-07-10,156.9600067138672
2024-07-11,152.22999572753906
2024-07-12,150.86000061035156
2024-07-15,147.39999389648438
2024-07-16,151.52999877929688
2024-07-17,146.38999938964844
2024-07-18,151.1199951171875
2024-07-19,146.99000549316406
2024-07-22,141.3800048828125
2024-07-23,137.0
2024-07-24,136.83999633789062
2024-07-25,134.1699981689453
2024-07-26,131.72999572753906
2024-07-29,128.92999267578125
2024-07-30,127.30999755859375
2024-07-31,136.69000244140625
2024-08-02,139.64999389648438
2024-08-05,145.3000030517578
2024-08-09,144.52000427246094
2024-08-12,140.82000732421875
2024-08-13,143.8699951171875
2024-08-14,141.82000732421875
2024-08-15,143.55999755859375
2024-08-16,142.5500030517578
2024-08-19,141.5
2024-08-20,146.25999450683594
2024-08-21,149.6699981689453
2024-08-22,154.16000366210938
2024-08-23,153.9499969482422
2024-08-26,151.5
2024-08-27,151.8300018310547
2024-08-28,151.67999267578125
2024-08-29,153.00999450683594
2024-08-30,159.0
2024-09-03,163.60000610351562
2024-09-04,160.89999389648438
2024-09-05,156.7100067138672
2024-09-06,148.97999572753906
2024-09-09,140.3300018310547
2024-09-10,139.75
2024-09-11,139.72999572753906
2024-09-12,145.8800048828125
2024-09-13,149.99000549316406
2024-09-16,152.1699981689453
2024-09-17,157.5399932861328
2024-09-18,167.4199981689453
2024-09-19,171.72000122070312
2024-09-20,165.75
2024-09-23,165.60000610351562
2024-09-25,160.47999572753906
2024-09-26,158.6699981689453
2024-09-27,160.99000549316406
2024-09-30,154.3000030517578
2024-10-02,161.5
2024-10-03,162.77999877929688
2024-10-04,156.42999267578125
2024-10-07,155.57000732421875
2024-10-08,156.27999877929688
2024-10-09,156.92999267578125
2024-10-10,154.08999633789062
2024-10-11,159.42999267578125
2024-10-14,153.0800018310547
2024-10-15,159.69000244140625
2024-10-16,161.85000610351562
2024-10-17,165.82000732421875
2024-10-18,155.5500030517578
2024-10-21,150.97000122070312
2024-10-22,146.8000030517578
2024-10-23,146.97000122070312
2024-10-24,144.7100067138672
2024-10-25,148.91000366210938
2024-10-28,148.4600067138672
2024-10-29,150.74000549316406
2024-10-30,153.4499969482422
2024-10-31,152.07000732421875
2024-11-01,146.66000366210938
2024-11-04,148.9499969482422
2024-11-05,152.67999267578125
2024-11-06,148.11000061035156
2024-11-07,152.1199951171875
2024-11-08,150.33999633789062
2024-11-11,140.32000732421875
2024-11-12,141.5
2024-11-13,142.9199981689453
2024-11-14,147.97999572753906
2024-11-15,149.5500030517578
2024-11-18,147.3300018310547
2024-11-19,149.4600067138672
2024-11-20,153.0
2024-11-21,155.72000122070312
2024-11-22,161.63999938964844
2024-11-25,167.27999877929688
2024-11-26,166.22999572753906
2024-11-27,167.94000244140625
2024-11-29,167.94000244140625
2024-12-02,170.64999389648438
2024-12-03,170.22999572753906
2024-12-04,172.4499969482422
2024-12-05,173.92999267578125
2024-12-06,168.0500030517578
2024-12-09,163.13999938964844
2024-12-10,165.1199951171875
2024-12-11,169.05999755859375
2024-12-12,167.42999267578125
2024-12-13,169.91000366210938
2024-12-16,166.7899932861328
2024-12-17,173.0399932861328
2024-12-18,168.9199981689453
2024-12-19,163.10000610351562
2024-12-20,161.2100067138672
2024-12-23,170.64999389648438
2024-12-24,180.08999633789062
2024-12-26,173.72000122070312
2024-12-27,167.9199981689453
2024-12-30,161.0800018310547
2024-12-31,169.16000366210938
2025-01-02,157.1999969482422
2025-01-03,157.32000732421875
2025-01-06,152.63999938964844
2025-01-07,155.10000610351562
2025-01-08,154.33999633789062
2025-01-10,151.4499969482422
2025-01-13,170.5500030517578
2025-01-14,167.63999938964844
2025-01-15,163.5399932861328
2025-01-16,167.41000366210938
2025-01-17,165.35000610351562
2025-01-21,173.0
2025-01-22,179.97999572753906
2025-01-23,179.32000732421875
2025-01-24,173.16000366210938
2025-01-27,168.5500030517578
2025-01-28,163.63999938964844
2025-01-29,157.42999267578125
2025-01-30,156.6999969482422
2025-01-31,158.47000122070312
2025-02-03,155.4499969482422
2025-02-04,159.44000244140625
2025-02-05,162.63999938964844
2025-02-06,163.57000732421875
2025-02-07,166.52999877929688
2025-02-10,166.9499969482422
2025-02-11,168.80999755859375
2025-02-12,166.10000610351562
2025-02-13,163.36000061035156
2025-02-14,167.97000122070312
2025-02-18,183.1199951171875
2025-02-19,175.75999450683594
2025-02-20,178.57000732421875
2025-02-21,165.0
2025-02-24,156.92999267578125
2025-02-25,157.60000610351562
2025-02-26,153.44000244140625
2025-02-27,149.32000732421875
2025-02-28,157.94000244140625
2025-03-03,154.25999450683594
2025-03-04,151.3800048828125
2025-03-05,138.8800048828125
2025-03-06,137.64999389648438
2025-03-07,139.94000244140625
2025-03-10,146.0399932861328
2025-03-11,132.7899932861328
2025-03-12,128.69000244140625
2025-03-13,128.86000061035156
2025-03-14,130.3000030517578
2025-03-17,133.89999389648438
2025-03-18,136.75
2025-03-19,136.4499969482422
2025-03-20,140.7899932861328
2025-03-21,141.72999572753906
2025-03-24,144.00999450683594
2025-03-25,148.67999267578125
2025-03-26,144.75
2025-03-27,140.85000610351562
2025-03-28,139.0399932861328
2025-03-31,148.5800018310547
2025-04-01,143.00999450683594
2025-04-02,144.27000427246094
2025-04-03,139.1999969482422
2025-04-04,136.5399932861328
2025-04-07,133.82000732421875
2025-04-08,135.67999267578125
2025-04-09,142.22999572753906
2025-04-10,127.54000091552734
2025-04-11,128.63999938964844
2025-04-14,135.7100067138672
2025-04-15,135.75999450683594
2025-04-16,131.32000732421875
2025-04-17,130.02000427246094
2025-04-21,125.7699966430664
2025-04-22,125.93000030517578
2025-04-23,126.66999816894531
2025-04-24,129.02000427246094
2025-04-25,132.3699951171875
2025-04-28,131.27999877929688
2025-04-29,134.2899932861328
2025-04-30,132.72999572753906
2025-05-01,134.07000732421875
2025-05-02,134.77999877929688
2025-05-05,134.1199951171875
2025-05-06,133.24000549316406
2025-05-07,132.2100067138672
2025-05-08,131.52000427246094
2025-05-09,128.39999389648438
2025-05-12,137.6699981689453
2025-05-13,140.52000427246094
2025-05-14,138.94000244140625
2025-05-15,140.85000610351562
2025-05-16,136.00999450683594
2025-05-19,135.94000244140625
2025-05-20,137.27000427246094
2025-05-21,137.27999877929688
2025-05-22,139.0399932861328
2025-05-23,139.33999633789062
2025-05-27,140.88999938964844
2025-05-28,137.64999389648438
2025-05-29,137.25999450683594
2025-05-30,138.25
2025-06-02,141.0399932861328
2025-06-03,141.60000610351562
2025-06-04,137.4600067138672
2025-06-05,140.08999633789062
2025-06-06,138.85000610351562
2025-06-09,139.17999267578125
2025-06-10,141.22000122070312
2025-06-11,141.38999938964844
2025-06-12,145.60000610351562
2025-06-13,149.64999389648438
2025-06-16,156.60000610351562
2025-06-17,154.36000061035156
2025-06-18,148.41000366210938
2025-06-20,149.19000244140625
2025-06-23,154.77999877929688
2025-06-24,154.97000122070312
2025-06-25,152.24000549316406
2025-06-26,147.4600067138672
2025-06-27,143.44000244140625
2025-06-30,139.64999389648438
2025-07-01,140.07000732421875
2025-07-02,139.27999877929688
2025-07-03,141.36000061035156
2025-07-07,137.9600067138672
2025-07-08,140.8000030517578
2025-07-09,141.75
2025-07-10,143.32000732421875
2025-07-11,144.9600067138672
2025-07-14,147.0
2025-07-15,143.72000122070312
2025-07-16,146.7100067138672
2025-07-17,151.1199951171875
2025-07-18,150.4499969482422
2025-07-21,154.8300018310547
2025-07-22,153.44000244140625
2025-07-23,159.2899932861328
2025-07-24,159.41000366210938
2025-07-25,145.57000732421875
2025-07-28,147.64999389648438
2025-07-29,149.1199951171875
2025-07-30,154.0800018310547
2025-07-31,152.2899932861328
2025-08-01,155.49000549316406
2025-08-04,159.30999755859375
2025-08-05,149.91000366210938
2025-08-06,149.7100067138672
2025-08-07,147.02999877929688
2025-08-08,147.52999877929688
2025-08-11,148.5500030517578
2025-08-12,151.4499969482422
2025-08-13,153.1300048828125
2025-08-14,150.6199951171875
2025-08-15,153.7899932861328
2025-08-18,153.9499969482422
2025-08-19,153.1699981689453
2025-08-20,144.55999755859375
2025-08-21,144.32000732421875
2025-08-22,146.38999938964844
2025-08-25,149.99000549316406
2025-08-26,156.52999877929688
2025-08-27,150.8800048828125
2025-08-28,152.5
2025-08-29,152.10000610351562
2025-09-02,151.47999572753906
2025-09-03,150.22000122070312
2025-09-04,153.9600067138672
2025-09-05,148.16000366210938
2025-09-08,148.82000732421875
2025-09-09,150.92999267578125
2025-09-10,151.9199981689453
2025-09-11,147.6300048828125
2025-09-12,149.49000549316406
2025-09-15,152.11000061035156
2025-09-16,148.2100067138672
2025-09-17,146.3699951171875
2025-09-18,148.19000244140625
2025-09-19,146.97000122070312
2025-09-22,145.4600067138672
2025-09-23,146.52999877929688
2025-09-24,145.8699951171875
2025-09-25,145.88999938964844
2025-09-26,141.50999450683594
2025-09-29,143.02999877929688
2025-09-30,143.44000244140625
2025-10-01,143.67999267578125
2025-10-02,145.92999267578125
2025-10-03,144.64999389648438
2025-10-06,142.5
2025-10-07,145.22000122070312
2025-10-08,145.75999450683594
2025-10-09,145.33999633789062
2025-10-10,138.86000061035156
2025-10-13,142.80999755859375
2025-10-14,146.47999572753906
2025-10-15,144.97999572753906
2025-10-16,147.13999938964844
2025-10-17,147.6300048828125
2025-10-20,151.30999755859375
2025-10-21,149.9499969482422
2025-10-22,152.85000610351562
2025-10-23,154.33999633789062
2025-10-24,153.49000549316406
2025-10-27,148.5
2025-10-28,140.3699951171875
2025-10-29,139.4499969482422
2025-10-30,141.14999389648438
2025-10-31,142.77999877929688
