Date,VVIX
2015-01-02,112.55000305175781
2015-01-05,121.87000274658203
2015-01-06,118.44999694824219
2015-01-07,107.69000244140625
2015-01-08,98.44000244140625
2015-01-09,103.7699966430664
2015-01-12,109.04000091552734
2015-01-13,109.22000122070312
2015-01-14,113.5
2015-01-15,117.06999969482422
2015-01-16,111.31999969482422
2015-01-20,108.4000015258789
2015-01-21,98.62000274658203
2015-01-22,93.25
2015-01-23,96.33000183105469
2015-01-26,91.94000244140625
2015-01-27,96.11000061035156
2015-01-28,108.68000030517578
2015-01-29,100.69999694824219
2015-01-30,108.98999786376953
2015-02-02,106.73999786376953
2015-02-03,101.02999877929688
2015-02-04,103.73999786376953
2015-02-05,98.55999755859375
2015-02-06,101.69000244140625
2015-02-09,104.19000244140625
2015-02-10,97.33000183105469
2015-02-11,98.7300033569336
2015-02-12,93.23999786376953
2015-02-13,92.73999786376953
2015-02-17,92.94999694824219
2015-02-18,89.37999725341797
2015-02-19,87.5999984741211
2015-02-20,85.77999877929688
2015-02-23,86.12999725341797
2015-02-24,82.6500015258789
2015-02-25,86.56999969482422
2015-02-26,86.93000030517578
2015-02-27,85.2300033569336
2015-03-02,81.83999633789062
2015-03-03,85.05000305175781
2015-03-04,84.0999984741211
2015-03-05,81.26000213623047
2015-03-06,86.87999725341797
2015-03-09,85.55000305175781
2015-03-10,91.88999938964844
2015-03-11,97.27999877929688
2015-03-12,89.4800033569336
2015-03-13,93.12000274658203
2015-03-16,90.54000091552734
2015-03-17,88.25
2015-03-18,81.22000122070312
2015-03-19,81.61000061035156
2015-03-20,80.48999786376953
2015-03-23,79.9800033569336
2015-03-24,80.04000091552734
2015-03-25,83.5199966430664
2015-03-26,87.02999877929688
2015-03-27,86.5
2015-03-30,82.16000366210938
2015-03-31,84.01000213623047
2015-04-01,82.81999969482422
2015-04-02,80.20999908447266
2015-04-06,80.30000305175781
2015-04-07,79.69999694824219
2015-04-08,84.76000213623047
2015-04-09,80.70999908447266
2015-04-10,78.91000366210938
2015-04-13,83.80000305175781
2015-04-14,81.91000366210938
2015-04-15,79.83000183105469
2015-04-16,79.77999877929688
2015-04-17,85.97000122070312
2015-04-20,81.4800033569336
2015-04-21,81.29000091552734
2015-04-22,79.69999694824219
2015-04-23,78.16999816894531
2015-04-24,76.43000030517578
2015-04-27,81.22000122070312
2015-04-28,77.68000030517578
2015-04-29,82.2699966430664
2015-04-30,87.08000183105469
2015-05-01,79.63999938964844
2015-05-04,78.55999755859375
2015-05-05,84.44999694824219
2015-05-06,90.80000305175781
2015-05-07,89.20999908447266
2015-05-08,79.44000244140625
2015-05-11,83.11000061035156
2015-05-12,84.63999938964844
2015-05-13,84.44999694824219
2015-05-14,82.33999633789062
2015-05-15,80.93000030517578
2015-05-18,82.05999755859375
2015-05-19,77.52999877929688
2015-05-20,77.02999877929688
2015-05-21,73.18000030517578
2015-05-22,75.9800033569336
2015-05-26,81.94000244140625
2015-05-27,77.79000091552734
2015-05-28,77.3499984741211
2015-05-29,79.06999969482422
2015-06-01,78.88999938964844
2015-06-02,80.61000061035156
2015-06-03,79.2699966430664
2015-06-04,87.98999786376953
2015-06-05,84.0999984741211
2015-06-08,86.5
2015-06-09,84.33999633789062
2015-06-10,81.5999984741211
2015-06-11,79.52999877929688
2015-06-12,85.55000305175781
2015-06-15,96.12000274658203
2015-06-16,95.95999908447266
2015-06-17,93.19000244140625
2015-06-18,89.19999694824219
2015-06-19,92.16000366210938
2015-06-22,83.87000274658203
2015-06-23,78.8499984741211
2015-06-24,82.52999877929688
2015-06-25,83.51000213623047
2015-06-26,83.08999633789062
2015-06-29,117.0
2015-06-30,110.16999816894531
2015-07-01,97.5999984741211
2015-07-02,105.13999938964844
2015-07-06,105.97000122070312
2015-07-07,99.3499984741211
2015-07-08,111.66999816894531
2015-07-09,115.36000061035156
2015-07-10,101.19000244140625
2015-07-13,85.94999694824219
2015-07-14,87.3499984741211
2015-07-15,90.80999755859375
2015-07-16,87.12000274658203
2015-07-17,85.31999969482422
2015-07-20,84.37999725341797
2015-07-21,82.55999755859375
2015-07-22,78.88999938964844
2015-07-23,81.63999938964844
2015-07-24,88.36000061035156
2015-07-27,97.31999969482422
2015-07-28,84.7699966430664
2015-07-29,82.94000244140625
2015-07-30,80.6500015258789
2015-07-31,81.7699966430664
2015-08-03,79.43000030517578
2015-08-04,80.81999969482422
2015-08-05,80.0999984741211
2015-08-06,84.36000061035156
2015-08-07,82.56999969482422
2015-08-10,80.20999908447266
2015-08-11,85.22000122070312
2015-08-12,88.12999725341797
2015-08-13,88.36000061035156
2015-08-14,89.37999725341797
2015-08-17,87.3499984741211
2015-08-18,88.83999633789062
2015-08-19,91.83999633789062
2015-08-20,108.75
2015-08-21,138.57000732421875
2015-08-24,168.75
2015-08-25,152.4199981689453
2015-08-26,134.30999755859375
2015-08-27,128.58999633789062
2015-08-28,127.18000030517578
2015-08-31,127.27999877929688
2015-09-01,128.94000244140625
2015-09-02,114.43000030517578
2015-09-03,118.16000366210938
2015-09-04,123.1500015258789
2015-09-08,117.62000274658203
2015-09-09,131.3000030517578
2015-09-10,127.05999755859375
2015-09-11,119.08999633789062
2015-09-14,118.01000213623047
2015-09-15,109.33999633789062
2015-09-16,107.0199966430664
2015-09-17,118.08999633789062
2015-09-18,116.26000213623047
2015-09-21,103.4000015258789
2015-09-22,111.36000061035156
2015-09-23,105.86000061035156
2015-09-24,110.12000274658203
2015-09-25,110.54000091552734
2015-09-28,115.30999755859375
2015-09-29,110.98999786376953
2015-09-30,103.27999877929688
2015-10-01,98.2699966430664
2015-10-02,95.06999969482422
2015-10-05,92.29000091552734
2015-10-06,92.45999908447266
2015-10-07,89.43000030517578
2015-10-08,88.41999816894531
2015-10-09,89.08000183105469
2015-10-12,88.2699966430664
2015-10-13,98.3499984741211
2015-10-14,102.29000091552734
2015-10-15,96.61000061035156
2015-10-16,97.58000183105469
2015-10-19,94.37999725341797
2015-10-20,97.11000061035156
2015-10-21,106.0199966430664
2015-10-22,97.06999969482422
2015-10-23,97.20999908447266
2015-10-26,98.0999984741211
2015-10-27,95.20999908447266
2015-10-28,88.27999877929688
2015-10-29,88.5999984741211
2015-10-30,90.2699966430664
2015-11-02,86.75
2015-11-03,87.33999633789062
2015-11-04,89.45999908447266
2015-11-05,87.68000030517578
2015-11-06,85.02999877929688
2015-11-09,92.97000122070312
2015-11-10,86.95999908447266
2015-11-11,91.25
2015-11-12,98.19000244140625
2015-11-13,106.05999755859375
2015-11-16,96.70999908447266
2015-11-17,100.37000274658203
2015-11-18,93.47000122070312
2015-11-19,96.18000030517578
2015-11-20,90.79000091552734
2015-11-23,88.55000305175781
2015-11-24,89.63999938964844
2015-11-25,86.13999938964844
2015-11-27,88.3499984741211
2015-11-30,90.83999633789062
2015-12-01,87.31999969482422
2015-12-02,92.94000244140625
2015-12-03,101.80000305175781
2015-12-04,89.19000244140625
2015-12-07,94.30000305175781
2015-12-08,99.16000366210938
2015-12-09,113.83000183105469
2015-12-10,113.80000305175781
2015-12-11,131.08999633789062
2015-12-14,122.22000122070312
2015-12-15,114.37000274658203
2015-12-16,108.93000030517578
2015-12-17,113.5199966430664
2015-12-18,118.31999969482422
2015-12-21,109.44000244140625
2015-12-22,100.91000366210938
2015-12-23,99.61000061035156
2015-12-24,99.87999725341797
2015-12-28,99.23999786376953
2015-12-29,95.12999725341797
2015-12-30,100.81999969482422
2015-12-31,100.19999694824219
2016-01-04,107.69000244140625
2016-01-05,101.83999633789062
2016-01-06,103.05999755859375
2016-01-07,116.55000305175781
2016-01-08,116.45999908447266
2016-01-11,109.62999725341797
2016-01-12,104.5199966430664
2016-01-13,117.13999938964844
2016-01-14,110.06999969482422
2016-01-15,116.41000366210938
2016-01-19,113.76000213623047
2016-01-20,112.87999725341797
2016-01-21,108.37999725341797
2016-01-22,98.91999816894531
2016-01-25,102.87999725341797
2016-01-26,98.4000015258789
2016-01-27,100.04000091552734
2016-01-28,96.55999755859375
2016-01-29,89.94999694824219
2016-02-01,89.6500015258789
2016-02-02,97.5999984741211
2016-02-03,97.31999969482422
2016-02-04,95.22000122070312
2016-02-05,100.55000305175781
2016-02-08,104.52999877929688
2016-02-09,103.05999755859375
2016-02-10,106.19000244140625
2016-02-11,107.20999908447266
2016-02-12,103.25
2016-02-16,94.19999694824219
2016-02-17,88.95999908447266
2016-02-18,87.52999877929688
2016-02-19,86.25
2016-02-22,86.19000244140625
2016-02-23,89.66999816894531
2016-02-24,86.73999786376953
2016-02-25,83.51000213623047
2016-02-26,83.72000122070312
2016-02-29,85.05999755859375
2016-03-01,79.44999694824219
2016-03-02,78.83999633789062
2016-03-03,79.41000366210938
2016-03-04,81.97000122070312
2016-03-07,82.30000305175781
2016-03-08,87.45999908447266
2016-03-09,92.86000061035156
2016-03-10,94.7699966430664
2016-03-11,92.3499984741211
2016-03-14,89.73999786376953
2016-03-15,90.33999633789062
2016-03-16,84.37000274658203
2016-03-17,84.70999908447266
2016-03-18,86.19999694824219
2016-03-21,87.77999877929688
2016-03-22,85.04000091552734
2016-03-23,86.05999755859375
2016-03-24,84.19999694824219
2016-03-28,83.29000091552734
2016-03-29,81.38999938964844
2016-03-30,80.33000183105469
2016-03-31,82.94000244140625
2016-04-01,81.56999969482422
2016-04-04,84.43000030517578
2016-04-05,89.11000061035156
2016-04-06,85.58999633789062
2016-04-07,92.73999786376953
2016-04-08,89.7300033569336
2016-04-11,92.80999755859375
2016-04-12,89.77999877929688
2016-04-13,87.88999938964844
2016-04-14,87.91999816894531
2016-04-15,90.2699966430664
2016-04-18,86.56999969482422
2016-04-19,86.9800033569336
2016-04-20,87.97000122070312
2016-04-21,87.06999969482422
2016-04-22,84.0999984741211
2016-04-25,85.7699966430664
2016-04-26,84.51000213623047
2016-04-27,83.0999984741211
2016-04-28,87.36000061035156
2016-04-29,91.68000030517578
2016-05-02,89.48999786376953
2016-05-03,91.66000366210938
2016-05-04,91.86000061035156
2016-05-05,91.58000183105469
2016-05-06,88.86000061035156
2016-05-09,86.41999816894531
2016-05-10,85.91999816894531
2016-05-11,91.52999877929688
2016-05-12,91.25
2016-05-13,94.0
2016-05-16,90.61000061035156
2016-05-17,91.76000213623047
2016-05-18,89.98999786376953
2016-05-19,90.45999908447266
2016-05-20,85.45999908447266
2016-05-23,84.12000274658203
2016-05-24,79.4800033569336
2016-05-25,78.54000091552734
2016-05-26,77.4800033569336
2016-05-27,76.16999816894531
2016-05-31,79.43000030517578
2016-06-01,78.93000030517578
2016-06-02,79.54000091552734
2016-06-03,79.08000183105469
2016-06-06,80.70999908447266
2016-06-07,82.30000305175781
2016-06-08,86.61000061035156
2016-06-09,89.9800033569336
2016-06-10,103.77999877929688
2016-06-13,124.55999755859375
2016-06-14,116.44000244140625
2016-06-15,114.2300033569336
2016-06-16,115.47000122070312
2016-06-17,115.72000122070312
2016-06-20,112.4000015258789
2016-06-21,113.45999908447266
2016-06-22,122.94000244140625
2016-06-23,104.70999908447266
2016-06-24,125.12999725341797
2016-06-27,115.5999984741211
2016-06-28,108.0
2016-06-29,98.5999984741211
2016-06-30,94.2300033569336
2016-07-01,91.69999694824219
2016-07-05,91.8499984741211
2016-07-06,89.23999786376953
2016-07-07,89.5
2016-07-08,84.72000122070312
2016-07-11,84.77999877929688
2016-07-12,84.9800033569336
2016-07-13,84.18000030517578
2016-07-14,86.02999877929688
2016-07-15,89.04000091552734
2016-07-18,87.19999694824219
2016-07-19,89.02999877929688
2016-07-20,87.08999633789062
2016-07-21,92.83999633789062
2016-07-22,89.51000213623047
2016-07-25,91.94999694824219
2016-07-26,91.44000244140625
2016-07-27,91.2300033569336
2016-07-28,89.80999755859375
2016-07-29,90.83999633789062
2016-08-01,90.68000030517578
2016-08-02,93.88999938964844
2016-08-03,88.58999633789062
2016-08-04,88.13999938964844
2016-08-05,85.2300033569336
2016-08-08,84.5
2016-08-09,86.6500015258789
2016-08-10,89.4000015258789
2016-08-11,97.36000061035156
2016-08-12,94.48999786376953
2016-08-15,91.66999816894531
2016-08-16,91.86000061035156
2016-08-17,84.83999633789062
2016-08-18,82.83000183105469
2016-08-19,82.44000244140625
2016-08-22,83.12999725341797
2016-08-23,83.44999694824219
2016-08-24,85.37000274658203
2016-08-25,85.43000030517578
2016-08-26,88.62000274658203
2016-08-29,85.83000183105469
2016-08-30,84.44000244140625
2016-08-31,84.87000274658203
2016-09-01,84.9000015258789
2016-09-02,81.3499984741211
2016-09-06,82.13999938964844
2016-09-07,83.08000183105469
2016-09-08,85.56999969482422
2016-09-09,110.0199966430664
2016-09-12,99.52999877929688
2016-09-13,110.0199966430664
2016-09-14,113.1500015258789
2016-09-15,109.2699966430664
2016-09-16,102.58999633789062
2016-09-19,101.58000183105469
2016-09-20,101.9800033569336
2016-09-21,92.58999633789062
2016-09-22,89.22000122070312
2016-09-23,90.4000015258789
2016-09-26,96.23999786376953
2016-09-27,88.94000244140625
2016-09-28,87.55000305175781
2016-09-29,93.77999877929688
2016-09-30,91.41999816894531
2016-10-03,91.51000213623047
2016-10-04,89.94000244140625
2016-10-05,89.87999725341797
2016-10-06,89.86000061035156
2016-10-07,90.86000061035156
2016-10-10,90.66000366210938
2016-10-11,95.43000030517578
2016-10-12,102.0199966430664
2016-10-13,103.4000015258789
2016-10-14,101.01000213623047
2016-10-17,99.33999633789062
2016-10-18,96.87000274658203
2016-10-19,93.9000015258789
2016-10-20,89.72000122070312
2016-10-21,87.33999633789062
2016-10-24,85.80999755859375
2016-10-25,86.2300033569336
2016-10-26,86.9000015258789
2016-10-27,91.20999908447266
2016-10-28,99.44000244140625
2016-10-31,102.81999969482422
2016-11-01,108.26000213623047
2016-11-02,112.38999938964844
2016-11-03,120.23999786376953
2016-11-04,120.2300033569336
2016-11-07,107.83999633789062
2016-11-08,108.66999816894531
2016-11-09,96.13999938964844
2016-11-10,102.66999816894531
2016-11-11,97.22000122070312
2016-11-14,98.22000122070312
2016-11-15,91.7699966430664
2016-11-16,92.44999694824219
2016-11-17,87.58000183105469
2016-11-18,86.4000015258789
2016-11-21,80.75
2016-11-22,83.4000015258789
2016-11-23,82.44999694824219
2016-11-25,82.6500015258789
2016-11-28,86.16999816894531
2016-11-29,86.27999877929688
2016-11-30,88.98999786376953
2016-12-01,97.79000091552734
2016-12-02,98.06999969482422
2016-12-05,88.87999725341797
2016-12-06,88.12000274658203
2016-12-07,89.11000061035156
2016-12-08,91.2699966430664
2016-12-09,89.4000015258789
2016-12-12,91.87000274658203
2016-12-13,93.31999969482422
2016-12-14,96.81999969482422
2016-12-15,93.08000183105469
2016-12-16,93.79000091552734
2016-12-19,90.51000213623047
2016-12-20,88.26000213623047
2016-12-21,87.97000122070312
2016-12-22,89.72000122070312
2016-12-23,87.63999938964844
2016-12-27,86.37000274658203
2016-12-28,89.16999816894531
2016-12-29,88.87000274658203
2016-12-30,91.5999984741211
2017-01-03,85.37000274658203
2017-01-04,82.2699966430664
2017-01-05,81.33000183105469
2017-01-06,80.58999633789062
2017-01-09,83.47000122070312
2017-01-10,86.36000061035156
2017-01-11,86.72000122070312
2017-01-12,90.44000244140625
2017-01-13,92.9000015258789
2017-01-17,92.38999938964844
2017-01-18,87.05999755859375
2017-01-19,86.83999633789062
2017-01-20,83.62999725341797
2017-01-23,84.51000213623047
2017-01-24,79.05000305175781
2017-01-25,78.66000366210938
2017-01-26,79.6500015258789
2017-01-27,83.62999725341797
2017-01-30,92.04000091552734
2017-01-31,89.83000183105469
2017-02-01,87.75
2017-02-02,89.7300033569336
2017-02-03,88.97000122070312
2017-02-06,90.0199966430664
2017-02-07,89.61000061035156
2017-02-08,94.58000183105469
2017-02-09,89.58999633789062
2017-02-10,85.7699966430664
2017-02-13,80.83999633789062
2017-02-14,78.3499984741211
2017-02-15,81.12000274658203
2017-02-16,79.66000366210938
2017-02-17,81.25
2017-02-21,82.44999694824219
2017-02-22,81.52999877929688
2017-02-23,82.19999694824219
2017-02-24,83.30999755859375
2017-02-27,85.69000244140625
2017-02-28,88.08000183105469
2017-03-01,84.02999877929688
2017-03-02,83.61000061035156
2017-03-03,81.19000244140625
2017-03-06,81.44000244140625
2017-03-07,81.43000030517578
2017-03-08,82.5
2017-03-09,83.63999938964844
2017-03-10,80.2699966430664
2017-03-13,81.56999969482422
2017-03-14,85.87999725341797
2017-03-15,80.76000213623047
2017-03-16,75.95999908447266
2017-03-17,78.66000366210938
2017-03-20,77.16000366210938
2017-03-21,83.0199966430664
2017-03-22,83.80000305175781
2017-03-23,88.93000030517578
2017-03-24,89.73999786376953
2017-03-27,84.86000061035156
2017-03-28,79.2699966430664
2017-03-29,78.26000213623047
2017-03-30,77.87000274658203
2017-03-31,78.30999755859375
2017-04-03,82.95999908447266
2017-04-04,79.66999816894531
2017-04-05,86.58999633789062
2017-04-06,83.91000366210938
2017-04-07,89.38999938964844
2017-04-10,97.9000015258789
2017-04-11,103.73999786376953
2017-04-12,111.52999877929688
2017-04-13,115.54000091552734
2017-04-17,101.48999786376953
2017-04-18,99.5199966430664
2017-04-19,97.88999938964844
2017-04-20,94.52999877929688
2017-04-21,95.41000366210938
2017-04-24,78.16999816894531
2017-04-25,75.63999938964844
2017-04-26,76.63999938964844
2017-04-27,76.66000366210938
2017-04-28,77.08999633789062
2017-05-01,78.33000183105469
2017-05-02,79.33000183105469
2017-05-03,78.7699966430664
2017-05-04,78.0
2017-05-05,80.6500015258789
2017-05-08,81.37999725341797
2017-05-09,83.62999725341797
2017-05-10,87.48999786376953
2017-05-11,86.51000213623047
2017-05-12,82.5
2017-05-15,79.52999877929688
2017-05-16,76.76000213623047
2017-05-17,111.4800033569336
2017-05-18,104.12000274658203
2017-05-19,87.20999908447266
2017-05-22,83.47000122070312
2017-05-23,84.19000244140625
2017-05-24,81.91000366210938
2017-05-25,82.19999694824219
2017-05-26,81.80999755859375
2017-05-30,84.30000305175781
2017-05-31,84.5199966430664
2017-06-01,83.83000183105469
2017-06-02,83.62000274658203
2017-06-05,86.08000183105469
2017-06-06,89.1500015258789
2017-06-07,88.22000122070312
2017-06-08,83.27999877929688
2017-06-09,87.41000366210938
2017-06-12,91.20999908447266
2017-06-13,86.66000366210938
2017-06-14,89.97000122070312
2017-06-15,89.94999694824219
2017-06-16,87.0
2017-06-19,85.2699966430664
2017-06-20,89.19000244140625
2017-06-21,88.06999969482422
2017-06-22,86.37999725341797
2017-06-23,84.5199966430664
2017-06-26,81.94000244140625
2017-06-27,87.30000305175781
2017-06-28,84.23999786376953
2017-06-29,93.77999877929688
2017-06-30,90.43000030517578
2017-07-03,93.30999755859375
2017-07-05,91.9800033569336
2017-07-06,100.20999908447266
2017-07-07,92.5
2017-07-10,89.69000244140625
2017-07-11,88.2300033569336
2017-07-12,88.19000244140625
2017-07-13,85.68000030517578
2017-07-14,82.19999694824219
2017-07-17,80.2699966430664
2017-07-18,79.13999938964844
2017-07-19,77.95999908447266
2017-07-20,76.26000213623047
2017-07-21,77.86000061035156
2017-07-24,78.23999786376953
2017-07-25,79.16999816894531
2017-07-26,82.33999633789062
2017-07-27,86.87000274658203
2017-07-28,87.19999694824219
2017-07-31,86.76000213623047
2017-08-01,84.55000305175781
2017-08-02,86.88999938964844
2017-08-03,87.66000366210938
2017-08-04,87.38999938964844
2017-08-07,90.01000213623047
2017-08-08,98.68000030517578
2017-08-09,106.7699966430664
2017-08-10,135.32000732421875
2017-08-11,127.43000030517578
2017-08-14,100.5999984741211
2017-08-15,96.70999908447266
2017-08-16,94.81999969482422
2017-08-17,117.7699966430664
2017-08-18,114.38999938964844
2017-08-21,101.38999938964844
2017-08-22,92.69999694824219
2017-08-23,98.95999908447266
2017-08-24,100.26000213623047
2017-08-25,95.52999877929688
2017-08-28,96.41999816894531
2017-08-29,98.79000091552734
2017-08-30,98.9000015258789
2017-08-31,94.86000061035156
2017-09-01,93.5999984741211
2017-09-05,102.66000366210938
2017-09-06,99.61000061035156
2017-09-07,96.29000091552734
2017-09-08,100.12000274658203
2017-09-11,93.66000366210938
2017-09-12,92.38999938964844
2017-09-13,90.88999938964844
2017-09-14,92.08999633789062
2017-09-15,90.62999725341797
2017-09-18,90.45999908447266
2017-09-19,91.22000122070312
2017-09-20,90.91000366210938
2017-09-21,92.31999969482422
2017-09-22,93.29000091552734
2017-09-25,96.4000015258789
2017-09-26,94.80999755859375
2017-09-27,95.36000061035156
2017-09-28,94.0999984741211
2017-09-29,93.13999938964844
2017-10-02,92.4800033569336
2017-10-03,91.58999633789062
2017-10-04,92.12000274658203
2017-10-05,91.79000091552734
2017-10-06,97.08999633789062
2017-10-09,101.83000183105469
2017-10-10,97.33000183105469
2017-10-11,99.22000122070312
2017-10-12,97.7699966430664
2017-10-13,97.80000305175781
2017-10-16,97.6500015258789
2017-10-17,98.73999786376953
2017-10-18,94.33999633789062
2017-10-19,93.33000183105469
2017-10-20,90.52999877929688
2017-10-23,97.08999633789062
2017-10-24,98.43000030517578
2017-10-25,100.16000366210938
2017-10-26,97.7300033569336
2017-10-27,92.77999877929688
2017-10-30,95.19000244140625
2017-10-31,92.01000213623047
2017-11-01,92.0
2017-11-02,91.4800033569336
2017-11-03,89.68000030517578
2017-11-06,91.25
2017-11-07,93.44999694824219
2017-11-08,97.73999786376953
2017-11-09,98.81999969482422
2017-11-10,104.76000213623047
2017-11-13,106.30000305175781
2017-11-14,103.18000030517578
2017-11-15,106.2699966430664
2017-11-16,100.1500015258789
2017-11-17,97.12000274658203
2017-11-20,93.76000213623047
2017-11-21,89.2699966430664
2017-11-22,86.41999816894531
2017-11-24,86.31999969482422
2017-11-27,86.58000183105469
2017-11-28,85.7300033569336
2017-11-29,89.56999969482422
2017-11-30,89.94000244140625
2017-12-01,95.02999877929688
2017-12-04,97.56999969482422
2017-12-05,97.94999694824219
2017-12-06,98.16999816894531
2017-12-07,95.83000183105469
2017-12-08,91.88999938964844
2017-12-11,92.05999755859375
2017-12-12,93.2699966430664
2017-12-13,95.55999755859375
2017-12-14,96.06999969482422
2017-12-15,92.19999694824219
2017-12-18,90.63999938964844
2017-12-19,93.58000183105469
2017-12-20,92.86000061035156
2017-12-21,92.20999908447266
2017-12-22,94.9000015258789
2017-12-26,97.55999755859375
2017-12-27,97.08000183105469
2017-12-28,97.25
2017-12-29,100.76000213623047
2018-01-02,97.36000061035156
2018-01-03,94.4000015258789
2018-01-04,94.20999908447266
2018-01-05,93.0999984741211
2018-01-08,93.97000122070312
2018-01-09,94.73999786376953
2018-01-10,93.69999694824219
2018-01-11,92.23999786376953
2018-01-12,92.22000122070312
2018-01-16,106.48999786376953
2018-01-17,102.62999725341797
2018-01-18,103.68000030517578
2018-01-19,101.58999633789062
2018-01-22,99.68000030517578
2018-01-23,98.58999633789062
2018-01-24,99.7699966430664
2018-01-25,101.77999877929688
2018-01-26,98.6500015258789
2018-01-29,110.01000213623047
2018-01-30,113.4800033569336
2018-01-31,108.41000366210938
2018-02-01,105.7699966430664
2018-02-02,125.51000213623047
2018-02-05,177.33999633789062
2018-02-06,161.1199951171875
2018-02-07,159.02999877929688
2018-02-08,180.61000061035156
2018-02-09,167.27999877929688
2018-02-12,140.8000030517578
2018-02-13,136.5800018310547
2018-02-14,124.48999786376953
2018-02-15,122.76000213623047
2018-02-16,121.19999694824219
2018-02-20,122.58000183105469
2018-02-21,125.7300033569336
2018-02-22,116.9800033569336
2018-02-23,110.19000244140625
2018-02-26,107.68000030517578
2018-02-27,119.5
2018-02-28,121.69999694824219
2018-03-01,128.13999938964844
2018-03-02,114.77999877929688
2018-03-05,109.66000366210938
2018-03-06,104.61000061035156
2018-03-07,99.48999786376953
2018-03-08,96.91999816894531
2018-03-09,99.70999908447266
2018-03-12,104.94000244140625
2018-03-13,107.04000091552734
2018-03-14,110.29000091552734
2018-03-15,109.27999877929688
2018-03-16,106.48999786376953
2018-03-19,112.91999816894531
2018-03-20,107.12999725341797
2018-03-21,106.5999984741211
2018-03-22,125.12000274658203
2018-03-23,129.82000732421875
2018-03-26,113.08000183105469
2018-03-27,118.61000061035156
2018-03-28,114.0199966430664
2018-03-29,103.31999969482422
2018-04-02,111.66999816894531
2018-04-03,102.05999755859375
2018-04-04,95.44000244140625
2018-04-05,92.20999908447266
2018-04-06,98.5999984741211
2018-04-09,100.23999786376953
2018-04-10,98.20999908447266
2018-04-11,100.0199966430664
2018-04-12,98.08000183105469
2018-04-13,93.94000244140625
2018-04-16,93.22000122070312
2018-04-17,89.58999633789062
2018-04-18,92.41000366210938
2018-04-19,95.37999725341797
2018-04-20,99.20999908447266
2018-04-23,96.87000274658203
2018-04-24,100.80999755859375
2018-04-25,97.80000305175781
2018-04-26,90.70999908447266
2018-04-27,92.1500015258789
2018-04-30,94.30000305175781
2018-05-01,89.97000122070312
2018-05-02,93.79000091552734
2018-05-03,91.06999969482422
2018-05-04,88.12000274658203
2018-05-07,90.70999908447266
2018-05-08,89.5
2018-05-09,93.88999938964844
2018-05-10,93.0199966430664
2018-05-11,90.02999877929688
2018-05-14,92.62000274658203
2018-05-15,99.18000030517578
2018-05-16,94.79000091552734
2018-05-17,93.4800033569336
2018-05-18,94.76000213623047
2018-05-21,91.04000091552734
2018-05-22,90.47000122070312
2018-05-23,89.80000305175781
2018-05-24,90.63999938964844
2018-05-25,93.77999877929688
2018-05-29,108.66999816894531
2018-05-30,99.08000183105469
2018-05-31,100.62999725341797
2018-06-01,93.30000305175781
2018-06-04,90.83000183105469
2018-06-05,89.83999633789062
2018-06-06,88.12000274658203
2018-06-07,91.27999877929688
2018-06-08,93.48999786376953
2018-06-11,94.54000091552734
2018-06-12,95.70999908447266
2018-06-13,100.01000213623047
2018-06-14,98.20999908447266
2018-06-15,101.66000366210938
2018-06-18,99.87000274658203
2018-06-19,104.12999725341797
2018-06-20,98.51000213623047
2018-06-21,107.44999694824219
2018-06-22,102.48999786376953
2018-06-25,114.31999969482422
2018-06-26,107.5199966430664
2018-06-27,112.75
2018-06-28,108.87999725341797
2018-06-29,105.97000122070312
2018-07-02,104.80000305175781
2018-07-03,108.5
2018-07-05,103.22000122070312
2018-07-06,95.73999786376953
2018-07-09,94.16000366210938
2018-07-10,91.95999908447266
2018-07-11,104.5
2018-07-12,100.81999969482422
2018-07-13,99.80999755859375
2018-07-16,100.94999694824219
2018-07-17,98.55999755859375
2018-07-18,98.08000183105469
2018-07-19,100.58000183105469
2018-07-20,102.76000213623047
2018-07-23,102.04000091552734
2018-07-24,98.68000030517578
2018-07-25,94.19999694824219
2018-07-26,91.66000366210938
2018-07-27,97.1500015258789
2018-07-30,101.41000366210938
2018-07-31,94.12999725341797
2018-08-01,95.27999877929688
2018-08-02,91.66000366210938
2018-08-03,86.5999984741211
2018-08-06,84.66000366210938
2018-08-07,83.20999908447266
2018-08-08,84.41999816894531
2018-08-09,88.69000244140625
2018-08-10,99.06999969482422
2018-08-13,107.77999877929688
2018-08-14,100.33999633789062
2018-08-15,111.12999725341797
2018-08-16,103.48999786376953
2018-08-17,101.80999755859375
2018-08-20,100.7699966430664
2018-08-21,101.55999755859375
2018-08-22,95.72000122070312
2018-08-23,95.91999816894531
2018-08-24,93.94999694824219
2018-08-27,93.38999938964844
2018-08-28,92.30999755859375
2018-08-29,91.0999984741211
2018-08-30,95.11000061035156
2018-08-31,92.7300033569336
2018-09-04,95.2300033569336
2018-09-05,97.94000244140625
2018-09-06,101.36000061035156
2018-09-07,102.37999725341797
2018-09-10,100.37999725341797
2018-09-11,96.44000244140625
2018-09-12,97.23999786376953
2018-09-13,91.05999755859375
2018-09-14,88.06999969482422
2018-09-17,96.33999633789062
2018-09-18,92.48999786376953
2018-09-19,88.18000030517578
2018-09-20,87.30999755859375
2018-09-21,90.19999694824219
2018-09-24,91.51000213623047
2018-09-25,91.06999969482422
2018-09-26,91.55999755859375
2018-09-27,87.66000366210938
2018-09-28,87.30999755859375
2018-10-01,86.97000122070312
2018-10-02,88.12000274658203
2018-10-03,85.80000305175781
2018-10-04,99.44000244140625
2018-10-05,102.62999725341797
2018-10-08,102.73999786376953
2018-10-09,103.91999816894531
2018-10-10,135.61000061035156
2018-10-11,129.3000030517578
2018-10-12,124.80999755859375
2018-10-15,118.77999877929688
2018-10-16,111.77999877929688
2018-10-17,109.27999877929688
2018-10-18,116.81999969482422
2018-10-19,114.94999694824219
2018-10-22,112.1500015258789
2018-10-23,108.70999908447266
2018-10-24,118.58000183105469
2018-10-25,113.91000366210938
2018-10-26,110.48999786376953
2018-10-29,110.38999938964844
2018-10-30,106.08000183105469
2018-10-31,102.9000015258789
2018-11-01,99.56999969482422
2018-11-02,102.37999725341797
2018-11-05,101.83000183105469
2018-11-06,102.4800033569336
2018-11-07,95.75
2018-11-08,95.4000015258789
2018-11-09,100.55000305175781
2018-11-12,107.7699966430664
2018-11-13,105.31999969482422
2018-11-14,111.41999816894531
2018-11-15,107.37999725341797
2018-11-16,101.93000030517578
2018-11-19,107.12999725341797
2018-11-20,107.61000061035156
2018-11-21,100.2699966430664
2018-11-23,99.29000091552734
2018-11-26,92.16999816894531
2018-11-27,91.54000091552734
2018-11-28,93.55000305175781
2018-11-29,93.36000061035156
2018-11-30,93.58999633789062
2018-12-03,85.87000274658203
2018-12-04,96.56999969482422
2018-12-06,93.8499984741211
2018-12-07,96.48999786376953
2018-12-10,91.77999877929688
2018-12-11,89.7699966430664
2018-12-12,91.41000366210938
2018-12-13,93.0
2018-12-14,96.44999694824219
2018-12-17,101.55000305175781
2018-12-18,103.63999938964844
2018-12-19,105.05000305175781
2018-12-20,109.6500015258789
2018-12-21,106.61000061035156
2018-12-24,111.87999725341797
2018-12-26,97.31999969482422
2018-12-27,95.88999938964844
2018-12-28,91.23999786376953
2018-12-31,87.11000061035156
2019-01-02,81.66000366210938
2019-01-03,83.80000305175781
2019-01-04,84.44000244140625
2019-01-07,82.73999786376953
2019-01-08,82.41000366210938
2019-01-09,86.62000274658203
2019-01-10,86.3499984741211
2019-01-11,83.8499984741211
2019-01-14,83.01000213623047
2019-01-15,81.38999938964844
2019-01-16,83.33999633789062
2019-01-17,82.79000091552734
2019-01-18,82.48999786376953
2019-01-22,93.80999755859375
2019-01-23,88.44999694824219
2019-01-24,84.88999938964844
2019-01-25,83.37999725341797
2019-01-28,86.44000244140625
2019-01-29,86.83999633789062
2019-01-30,82.38999938964844
2019-01-31,79.23999786376953
2019-02-01,80.0
2019-02-04,77.36000061035156
2019-02-05,80.62000274658203
2019-02-06,84.98999786376953
2019-02-07,85.01000213623047
2019-02-08,82.69999694824219
2019-02-11,82.7699966430664
2019-02-12,81.62999725341797
2019-02-13,80.2699966430664
2019-02-14,81.63999938964844
2019-02-15,80.44999694824219
2019-02-19,78.63999938964844
2019-02-20,75.58999633789062
2019-02-21,76.63999938964844
2019-02-22,74.9800033569336
2019-02-25,79.3499984741211
2019-02-26,80.52999877929688
2019-02-27,80.37000274658203
2019-02-28,80.0
2019-03-01,79.2699966430664
2019-03-04,82.33999633789062
2019-03-05,82.45999908447266
2019-03-06,86.0999984741211
2019-03-07,88.69999694824219
2019-03-08,87.23999786376953
2019-03-11,81.2300033569336
2019-03-12,83.05999755859375
2019-03-13,82.76000213623047
2019-03-14,82.55999755859375
2019-03-15,82.94000244140625
2019-03-18,85.5199966430664
2019-03-19,87.36000061035156
2019-03-20,86.62999725341797
2019-03-21,83.88999938964844
2019-03-22,98.5
2019-03-25,97.19999694824219
2019-03-26,89.8499984741211
2019-03-27,91.33999633789062
2019-03-28,87.94999694824219
2019-03-29,85.81999969482422
2019-04-01,84.93000030517578
2019-04-02,83.27999877929688
2019-04-03,84.2300033569336
2019-04-04,82.1500015258789
2019-04-05,79.0999984741211
2019-04-08,81.86000061035156
2019-04-09,88.13999938964844
2019-04-10,89.48999786376953
2019-04-11,88.05999755859375
2019-04-12,84.9800033569336
2019-04-15,84.16999816894531
2019-04-16,83.58000183105469
2019-04-17,85.55000305175781
2019-04-18,84.41000366210938
2019-04-22,83.2699966430664
2019-04-23,81.43000030517578
2019-04-24,85.16999816894531
2019-04-25,86.94000244140625
2019-04-26,84.08999633789062
2019-04-29,86.08000183105469
2019-04-30,88.55999755859375
2019-05-01,95.75
2019-05-02,93.0199966430664
2019-05-03,86.2300033569336
2019-05-06,94.8499984741211
2019-05-07,111.54000091552734
2019-05-08,106.4800033569336
2019-05-09,102.91999816894531
2019-05-10,96.01000213623047
2019-05-13,105.5999984741211
2019-05-14,97.26000213623047
2019-05-15,94.52999877929688
2019-05-16,94.2300033569336
2019-05-17,99.12000274658203
2019-05-20,96.83000183105469
2019-05-21,92.37999725341797
2019-05-22,89.30000305175781
2019-05-23,94.9800033569336
2019-05-24,90.19000244140625
2019-05-28,95.08000183105469
2019-05-29,93.83000183105469
2019-05-30,92.77999877929688
2019-05-31,96.72000122070312
2019-06-03,96.02999877929688
2019-06-04,88.93000030517578
2019-06-05,86.72000122070312
2019-06-06,86.11000061035156
2019-06-07,86.0
2019-06-10,83.86000061035156
2019-06-11,84.94999694824219
2019-06-12,86.19999694824219
2019-06-13,84.7300033569336
2019-06-14,82.56999969482422
2019-06-17,83.4800033569336
2019-06-18,87.37000274658203
2019-06-19,84.58000183105469
2019-06-20,81.20999908447266
2019-06-21,83.13999938964844
2019-06-24,82.58999633789062
2019-06-25,85.16000366210938
2019-06-26,85.36000061035156
2019-06-27,86.5199966430664
2019-06-28,85.77999877929688
2019-07-01,79.58000183105469
2019-07-02,78.22000122070312
2019-07-03,80.04000091552734
2019-07-08,83.66000366210938
2019-07-09,82.30999755859375
2019-07-10,85.97000122070312
2019-07-11,88.19999694824219
2019-07-12,86.13999938964844
2019-07-15,86.19999694824219
2019-07-16,88.25
2019-07-17,90.3499984741211
2019-07-18,84.04000091552734
2019-07-19,86.7699966430664
2019-07-22,81.22000122070312
2019-07-23,78.98999786376953
2019-07-24,83.88999938964844
2019-07-25,84.30000305175781
2019-07-26,83.11000061035156
2019-07-29,88.16000366210938
2019-07-30,91.58000183105469
2019-07-31,96.27999877929688
2019-08-01,105.47000122070312
2019-08-02,102.69000244140625
2019-08-05,114.4000015258789
2019-08-06,107.44999694824219
2019-08-07,104.2699966430664
2019-08-08,98.66000366210938
2019-08-09,101.5199966430664
2019-08-12,105.30999755859375
2019-08-13,102.20999908447266
2019-08-14,113.98999786376953
2019-08-15,112.26000213623047
2019-08-16,110.31999969482422
2019-08-19,101.22000122070312
2019-08-20,104.7699966430664
2019-08-21,98.02999877929688
2019-08-22,100.94000244140625
2019-08-23,111.37000274658203
2019-08-26,106.2699966430664
2019-08-27,106.48999786376953
2019-08-28,103.94999694824219
2019-08-29,99.80000305175781
2019-08-30,102.66000366210938
2019-09-03,102.19000244140625
2019-09-04,97.30000305175781
2019-09-05,95.51000213623047
2019-09-06,94.4000015258789
2019-09-09,94.5
2019-09-10,93.8499984741211
2019-09-11,97.79000091552734
2019-09-12,95.94000244140625
2019-09-13,98.93000030517578
2019-09-16,101.7300033569336
2019-09-17,101.66999816894531
2019-09-18,99.08999633789062
2019-09-19,97.30000305175781
2019-09-20,101.02999877929688
2019-09-23,97.5999984741211
2019-09-24,104.95999908447266
2019-09-25,99.68000030517578
2019-09-26,100.30999755859375
2019-09-27,103.19999694824219
2019-09-30,97.62000274658203
2019-10-01,102.73999786376953
2019-10-02,103.80999755859375
2019-10-03,98.19999694824219
2019-10-04,95.19000244140625
2019-10-07,97.04000091552734
2019-10-08,102.2699966430664
2019-10-09,101.25
2019-10-10,99.66000366210938
2019-10-11,97.69999694824219
2019-10-14,94.43000030517578
2019-10-15,93.9800033569336
2019-10-16,93.16000366210938
2019-10-17,90.2699966430664
2019-10-18,91.19999694824219
2019-10-21,88.0999984741211
2019-10-22,89.31999969482422
2019-10-23,87.58999633789062
2019-10-24,86.55000305175781
2019-10-25,83.81999969482422
2019-10-28,86.4800033569336
2019-10-29,87.75
2019-10-30,86.47000122070312
2019-10-31,88.91999816894531
2019-11-01,85.69000244140625
2019-11-04,88.75
2019-11-05,90.9800033569336
2019-11-06,89.58999633789062
2019-11-07,90.1500015258789
2019-11-08,89.05999755859375
2019-11-11,89.55999755859375
2019-11-12,90.3499984741211
2019-11-13,93.5
2019-11-14,93.44999694824219
2019-11-15,93.3499984741211
2019-11-18,93.98999786376953
2019-11-19,95.94999694824219
2019-11-20,95.36000061035156
2019-11-21,96.08999633789062
2019-11-22,94.4000015258789
2019-11-25,90.23999786376953
2019-11-26,89.87999725341797
2019-11-27,90.19999694824219
2019-11-29,91.05000305175781
2019-12-02,98.91000366210938
2019-12-03,102.6500015258789
2019-12-04,98.72000122070312
2019-12-05,98.12000274658203
2019-12-06,96.5199966430664
2019-12-09,101.88999938964844
2019-12-10,101.02999877929688
2019-12-11,104.81999969482422
2019-12-12,101.30000305175781
2019-12-13,96.61000061035156
2019-12-16,94.20999908447266
2019-12-17,98.55999755859375
2019-12-18,99.19999694824219
2019-12-19,97.25
2019-12-20,99.29000091552734
2019-12-23,99.81999969482422
2019-12-24,98.83000183105469
2019-12-26,97.45999908447266
2019-12-27,99.62999725341797
2019-12-30,100.0199966430664
2019-12-31,94.0999984741211
2020-01-02,89.66999816894531
2020-01-03,93.79000091552734
2020-01-06,92.66000366210938
2020-01-07,91.06999969482422
2020-01-08,90.20999908447266
2020-01-09,87.80999755859375
2020-01-10,88.33000183105469
2020-01-13,88.4800033569336
2020-01-14,86.87000274658203
2020-01-15,91.1500015258789
2020-01-16,90.37999725341797
2020-01-17,91.75
2020-01-21,92.9800033569336
2020-01-22,91.11000061035156
2020-01-23,92.54000091552734
2020-01-24,98.43000030517578
2020-01-27,107.38999938964844
2020-01-28,102.11000061035156
2020-01-29,99.06999969482422
2020-01-30,96.48999786376953
2020-01-31,105.5999984741211
2020-02-03,102.94999694824219
2020-02-04,96.18000030517578
2020-02-05,92.81999969482422
2020-02-06,93.61000061035156
2020-02-07,96.01000213623047
2020-02-10,96.80999755859375
2020-02-11,96.95999908447266
2020-02-12,96.6500015258789
2020-02-13,99.16999816894531
2020-02-14,98.16999816894531
2020-02-18,101.0199966430664
2020-02-19,95.91999816894531
2020-02-20,99.4800033569336
2020-02-21,104.86000061035156
2020-02-24,112.72000122070312
2020-02-25,121.01000213623047
2020-02-26,113.44000244140625
2020-02-27,118.0
2020-02-28,125.7300033569336
2020-03-02,114.69000244140625
2020-03-03,116.72000122070312
2020-03-04,113.97000122070312
2020-03-05,119.66000366210938
2020-03-06,127.16000366210938
2020-03-09,137.19000244140625
2020-03-10,138.82000732421875
2020-03-11,146.92999267578125
2020-03-12,155.0500030517578
2020-03-13,171.27999877929688
2020-03-16,207.58999633789062
2020-03-17,194.42999267578125
2020-03-18,181.3300018310547
2020-03-19,181.75999450683594
2020-03-20,187.17999267578125
2020-03-23,167.92999267578125
2020-03-24,171.91000366210938
2020-03-25,171.88999938964844
2020-03-26,169.5800018310547
2020-03-27,168.7100067138672
2020-03-30,157.66000366210938
2020-03-31,152.9199981689453
2020-04-01,156.99000549316406
2020-04-02,147.3300018310547
2020-04-03,143.52000427246094
2020-04-06,143.3000030517578
2020-04-07,134.4499969482422
2020-04-08,141.3699951171875
2020-04-09,137.75
2020-04-13,138.67999267578125
2020-04-14,131.77999877929688
2020-04-15,135.92999267578125
2020-04-16,129.5500030517578
2020-04-17,127.1500015258789
2020-04-20,132.0399932861328
2020-04-21,132.22000122070312
2020-04-22,124.0999984741211
2020-04-23,121.86000061035156
2020-04-24,119.87999725341797
2020-04-27,120.55999755859375
2020-04-28,117.79000091552734
2020-04-29,115.9800033569336
2020-04-30,118.52999877929688
2020-05-01,122.1500015258789
2020-05-04,121.25
2020-05-05,118.87000274658203
2020-05-06,119.16000366210938
2020-05-07,115.83000183105469
2020-05-08,115.6500015258789
2020-05-11,118.70999908447266
2020-05-12,130.75
2020-05-13,142.75
2020-05-14,137.0500030517578
2020-05-15,133.02000427246094
2020-05-18,125.9000015258789
2020-05-19,125.5999984741211
2020-05-20,120.04000091552734
2020-05-21,122.08000183105469
2020-05-22,118.37999725341797
2020-05-26,113.58999633789062
2020-05-27,109.81999969482422
2020-05-28,108.98999786376953
2020-05-29,105.5999984741211
2020-06-01,106.47000122070312
2020-06-02,104.83000183105469
2020-06-03,106.8499984741211
2020-06-04,109.87999725341797
2020-06-05,107.58999633789062
2020-06-08,110.05000305175781
2020-06-09,111.0
2020-06-10,116.52999877929688
2020-06-12,151.60000610351562
2020-06-15,141.8300018310547
2020-06-16,143.24000549316406
2020-06-17,139.94000244140625
2020-06-18,135.8300018310547
2020-06-19,138.35000610351562
2020-06-22,133.97999572753906
2020-06-23,130.72999572753906
2020-06-24,136.88999938964844
2020-06-25,127.19999694824219
2020-06-26,128.6300048828125
2020-06-29,121.31999969482422
2020-06-30,120.76000213623047
2020-07-01,120.83000183105469
2020-07-02,115.47000122070312
2020-07-06,116.56999969482422
2020-07-07,118.12000274658203
2020-07-08,113.33999633789062
2020-07-09,115.11000061035156
2020-07-10,109.70999908447266
2020-07-13,123.30000305175781
2020-07-14,112.75
2020-07-15,113.70999908447266
2020-07-16,115.62000274658203
2020-07-17,117.97000122070312
2020-07-20,112.51000213623047
2020-07-21,115.45999908447266
2020-07-22,112.83999633789062
2020-07-23,116.69999694824219
2020-07-24,117.22000122070312
2020-07-27,112.70999908447266
2020-07-28,113.87999725341797
2020-07-29,110.94999694824219
2020-07-30,112.16000366210938
2020-07-31,112.04000091552734
2020-08-03,111.0199966430664
2020-08-04,109.0
2020-08-05,105.66999816894531
2020-08-06,105.83999633789062
2020-08-07,108.18000030517578
2020-08-10,111.12999725341797
2020-08-11,118.33999633789062
2020-08-12,115.7300033569336
2020-08-13,115.18000030517578
2020-08-14,114.3499984741211
2020-08-17,110.3499984741211
2020-08-18,112.58999633789062
2020-08-19,114.72000122070312
2020-08-20,112.98999786376953
2020-08-21,111.25
2020-08-24,108.25
2020-08-25,103.87999725341797
2020-08-26,105.80000305175781
2020-08-27,114.73999786376953
2020-08-28,111.55999755859375
2020-08-31,119.01000213623047
2020-09-01,120.0999984741211
2020-09-02,122.01000213623047
2020-09-03,132.91000366210938
2020-09-04,122.13999938964844
2020-09-08,123.55999755859375
2020-09-09,121.54000091552734
2020-09-10,120.58000183105469
2020-09-11,113.94999694824219
2020-09-14,111.2699966430664
2020-09-15,108.97000122070312
2020-09-16,103.4800033569336
2020-09-17,100.37000274658203
2020-09-18,101.19000244140625
2020-09-21,108.73999786376953
2020-09-22,104.69000244140625
2020-09-23,107.3499984741211
2020-09-24,102.26000213623047
2020-09-25,99.63999938964844
2020-09-28,101.8499984741211
2020-09-29,96.93000030517578
2020-09-30,101.58000183105469
2020-10-01,101.0
2020-10-02,102.72000122070312
2020-10-05,103.22000122070312
2020-10-06,106.13999938964844
2020-10-07,104.19000244140625
2020-10-08,104.80000305175781
2020-10-09,109.22000122070312
2020-10-12,109.68000030517578
2020-10-13,110.97000122070312
2020-10-14,116.93000030517578
2020-10-15,117.58999633789062
2020-10-16,115.91999816894531
2020-10-19,119.76000213623047
2020-10-20,119.58999633789062
2020-10-21,117.47000122070312
2020-10-22,118.5999984741211
2020-10-23,118.94000244140625
2020-10-26,133.0800018310547
2020-10-27,135.32000732421875
2020-10-28,152.00999450683594
2020-10-29,147.83999633789062
2020-10-30,145.24000549316406
2020-11-02,142.64999389648438
2020-11-03,136.27999877929688
2020-11-04,122.12000274658203
2020-11-05,117.68000030517578
2020-11-06,113.12999725341797
2020-11-09,116.77999877929688
2020-11-10,116.05000305175781
2020-11-11,118.31999969482422
2020-11-12,121.56999969482422
2020-11-13,114.38999938964844
2020-11-16,115.0
2020-11-17,116.25
2020-11-18,117.9000015258789
2020-11-19,114.1500015258789
2020-11-20,113.98999786376953
2020-11-23,109.8499984741211
2020-11-24,104.55999755859375
2020-11-25,103.45999908447266
2020-11-27,106.12000274658203
2020-11-30,106.12000274658203
2020-12-01,108.43000030517578
2020-12-02,107.5199966430664
2020-12-03,107.88999938964844
2020-12-04,103.72000122070312
2020-12-07,104.41999816894531
2020-12-08,102.81999969482422
2020-12-09,113.93000030517578
2020-12-10,114.66000366210938
2020-12-11,120.7699966430664
2020-12-14,127.68000030517578
2020-12-15,119.11000061035156
2020-12-16,111.8499984741211
2020-12-17,110.20999908447266
2020-12-18,110.30000305175781
2020-12-21,121.61000061035156
2020-12-22,120.56999969482422
2020-12-23,118.30999755859375
2020-12-24,115.26000213623047
2020-12-28,114.4000015258789
2020-12-29,116.2699966430664
2020-12-30,112.04000091552734
2020-12-31,111.86000061035156
2021-01-04,124.6500015258789
2021-01-05,120.06999969482422
2021-01-06,119.9000015258789
2021-01-07,109.37999725341797
2021-01-08,111.0
2021-01-11,118.80000305175781
2021-01-12,115.79000091552734
2021-01-13,117.76000213623047
2021-01-14,122.77999877929688
2021-01-15,124.25
2021-01-19,120.70999908447266
2021-01-20,114.16999816894531
2021-01-21,112.58999633789062
2021-01-25,116.62999725341797
2021-01-26,115.30999755859375
2021-01-27,157.69000244140625
2021-01-28,133.22000122070312
2021-01-29,137.3300018310547
2021-02-01,129.44000244140625
2021-02-02,119.0999984741211
2021-02-03,111.02999877929688
2021-02-04,108.47000122070312
2021-02-05,107.63999938964844
2021-02-08,106.61000061035156
2021-02-09,108.13999938964844
2021-02-10,114.93000030517578
2021-02-11,116.22000122070312
2021-02-12,118.58999633789062
2021-02-16,124.66000366210938
2021-02-18,121.05000305175781
2021-02-19,117.44999694824219
2021-02-22,117.05999755859375
2021-02-23,112.77999877929688
2021-02-24,109.5999984741211
2021-02-25,127.83000183105469
2021-02-26,124.95999908447266
2021-03-01,114.94000244140625
2021-03-02,114.91999816894531
2021-03-03,121.2300033569336
2021-03-04,124.62000274658203
2021-03-05,116.20999908447266
2021-03-08,114.62000274658203
2021-03-09,108.70999908447266
2021-03-10,114.68000030517578
2021-03-11,112.87000274658203
2021-03-12,111.7300033569336
2021-03-15,110.48999786376953
2021-03-16,113.7300033569336
2021-03-17,109.9000015258789
2021-03-18,117.80000305175781
2021-03-19,115.94999694824219
2021-03-22,108.62999725341797
2021-03-23,111.69000244140625
2021-03-24,110.66999816894531
2021-03-25,104.75
2021-03-26,103.26000213623047
2021-03-29,105.83999633789062
2021-03-30,101.9000015258789
2021-03-31,100.04000091552734
2021-04-01,98.97000122070312
2021-04-05,99.23999786376953
2021-04-06,99.05999755859375
2021-04-07,97.08999633789062
2021-04-08,100.72000122070312
2021-04-09,102.05999755859375
2021-04-12,102.08000183105469
2021-04-13,100.44000244140625
2021-04-14,107.47000122070312
2021-04-15,108.66000366210938
2021-04-16,107.80000305175781
2021-04-19,111.9000015258789
2021-04-20,116.37000274658203
2021-04-21,112.9000015258789
2021-04-22,116.05000305175781
2021-04-23,108.36000061035156
2021-04-26,104.01000213623047
2021-04-27,103.38999938964844
2021-04-28,104.77999877929688
2021-04-29,105.45999908447266
2021-04-30,109.22000122070312
2021-05-03,108.31999969482422
2021-05-04,111.22000122070312
2021-05-06,108.38999938964844
2021-05-07,107.02999877929688
2021-05-10,114.0999984741211
2021-05-12,146.27999877929688
2021-05-13,130.00999450683594
2021-05-14,117.55999755859375
2021-05-17,120.69999694824219
2021-05-18,123.93000030517578
2021-05-19,130.1699981689453
2021-05-21,124.22000122070312
2021-05-24,116.12000274658203
2021-05-26,106.29000091552734
2021-05-27,103.87999725341797
2021-05-28,105.41000366210938
2021-06-01,113.04000091552734
2021-06-02,112.56999969482422
2021-06-03,114.30999755859375
2021-06-04,108.16000366210938
2021-06-07,108.02999877929688
2021-06-08,109.62000274658203
2021-06-09,120.97000122070312
2021-06-10,116.76000213623047
2021-06-11,116.12000274658203
2021-06-14,119.80000305175781
2021-06-15,122.9000015258789
2021-06-16,121.56999969482422
2021-06-17,120.62999725341797
2021-06-18,128.8300018310547
2021-06-21,121.25
2021-06-22,114.01000213623047
2021-06-23,110.4800033569336
2021-06-24,107.87000274658203
2021-06-25,105.91000366210938
2021-06-28,106.31999969482422
2021-06-29,107.01000213623047
2021-06-30,106.7300033569336
2021-07-01,108.72000122070312
2021-07-02,106.11000061035156
2021-07-06,112.23999786376953
2021-07-07,112.69999694824219
2021-07-08,120.02999877929688
2021-07-09,112.62000274658203
2021-07-12,111.58999633789062
2021-07-13,116.4000015258789
2021-07-14,117.66000366210938
2021-07-15,121.02999877929688
2021-07-16,128.88999938964844
2021-07-19,139.5399932861328
2021-07-20,131.3000030517578
2021-07-21,122.52999877929688
2021-07-22,118.81999969482422
2021-07-23,114.91999816894531
2021-07-26,114.86000061035156
2021-07-27,121.11000061035156
2021-07-28,117.08000183105469
2021-07-29,114.04000091552734
2021-07-30,116.18000030517578
2021-08-02,122.8499984741211
2021-08-03,117.55000305175781
2021-08-04,116.20999908447266
2021-08-05,113.3499984741211
2021-08-06,112.0
2021-08-09,115.08999633789062
2021-08-10,114.1500015258789
2021-08-11,118.05999755859375
2021-08-12,117.72000122070312
2021-08-13,117.80999755859375
2021-08-16,117.69000244140625
2021-08-17,120.52999877929688
2021-08-18,128.41000366210938
2021-08-19,130.41000366210938
2021-08-20,120.51000213623047
2021-08-23,113.33000183105469
2021-08-24,111.08999633789062
2021-08-25,108.83999633789062
2021-08-26,116.5999984741211
2021-08-27,109.62000274658203
2021-08-30,107.9000015258789
2021-08-31,105.80999755859375
2021-09-01,105.19999694824219
2021-09-02,105.69999694824219
2021-09-03,105.4800033569336
2021-09-07,111.01000213623047
2021-09-08,115.05999755859375
2021-09-09,117.02999877929688
2021-09-10,124.9800033569336
2021-09-13,118.01000213623047
2021-09-14,120.37000274658203
2021-09-15,112.4800033569336
2021-09-16,112.11000061035156
2021-09-17,118.9000015258789
2021-09-20,138.92999267578125
2021-09-21,130.75999450683594
2021-09-22,117.62000274658203
2021-09-23,108.30999755859375
2021-09-24,103.06999969482422
2021-09-27,107.7300033569336
2021-09-28,121.05999755859375
2021-09-29,119.04000091552734
2021-09-30,118.01000213623047
2021-10-01,112.61000061035156
2021-10-04,117.16999816894531
2021-10-05,110.75
2021-10-06,110.91999816894531
2021-10-07,107.43000030517578
2021-10-08,107.2699966430664
2021-10-11,110.29000091552734
2021-10-12,109.12000274658203
2021-10-13,108.72000122070312
2021-10-14,107.97000122070312
2021-10-15,106.76000213623047
2021-10-18,104.37000274658203
2021-10-19,103.05999755859375
2021-10-20,101.83999633789062
2021-10-21,102.13999938964844
2021-10-22,106.08000183105469
2021-10-25,102.36000061035156
2021-10-26,103.25
2021-10-27,109.61000061035156
2021-10-28,106.27999877929688
2021-10-29,105.16999816894531
2021-11-01,106.66000366210938
2021-11-02,105.44000244140625
2021-11-03,102.25
2021-11-04,104.45999908447266
2021-11-05,110.20999908447266
2021-11-08,111.48999786376953
2021-11-09,110.55000305175781
2021-11-10,117.19000244140625
2021-11-11,114.66000366210938
2021-11-12,112.11000061035156
2021-11-15,110.66000366210938
2021-11-16,109.58000183105469
2021-11-17,111.52999877929688
2021-11-18,112.1500015258789
2021-11-19,113.73999786376953
2021-11-22,118.62000274658203
2021-11-23,115.02999877929688
2021-11-24,110.4800033569336
2021-11-26,149.74000549316406
2021-11-29,131.24000549316406
2021-11-30,142.5500030517578
2021-12-01,155.02000427246094
2021-12-02,147.30999755859375
2021-12-03,156.10000610351562
2021-12-06,138.8800048828125
2021-12-07,117.91999816894531
2021-12-08,114.29000091552734
2021-12-09,121.79000091552734
2021-12-10,113.8499984741211
2021-12-13,121.06999969482422
2021-12-14,126.56999969482422
2021-12-15,118.61000061035156
2021-12-16,128.97000122070312
2021-12-17,136.05999755859375
2021-12-20,138.6699981689453
2021-12-21,131.41000366210938
2021-12-22,122.69999694824219
2021-12-23,120.45999908447266
2021-12-27,115.91999816894531
2021-12-28,114.83000183105469
2021-12-29,109.5
2021-12-30,110.83999633789062
2021-12-31,109.66999816894531
2022-01-03,108.44999694824219
2022-01-04,109.30999755859375
2022-01-05,119.30999755859375
2022-01-06,117.81999969482422
2022-01-07,113.86000061035156
2022-01-10,113.0199966430664
2022-01-11,111.61000061035156
2022-01-12,113.94000244140625
2022-01-13,123.44000244140625
2022-01-14,117.56999969482422
2022-01-18,127.94999694824219
2022-01-19,129.85000610351562
2022-01-20,135.60000610351562
2022-01-21,149.5
2022-01-24,154.3800048828125
2022-01-25,150.8000030517578
2022-01-26,148.5500030517578
2022-01-27,141.13999938964844
2022-01-28,132.44000244140625
2022-01-31,125.05999755859375
2022-02-01,117.98999786376953
2022-02-02,119.61000061035156
2022-02-03,125.11000061035156
2022-02-04,124.88999938964844
2022-02-07,124.12999725341797
2022-02-08,118.86000061035156
2022-02-09,119.31999969482422
2022-02-10,129.10000610351562
2022-02-11,141.1699981689453
2022-02-14,140.58999633789062
2022-02-15,129.0500030517578
2022-02-16,122.58000183105469
2022-02-17,134.49000549316406
2022-02-18,133.63999938964844
2022-02-22,130.69000244140625
2022-02-23,131.24000549316406
2022-02-24,128.5
2022-02-25,117.76000213623047
2022-02-28,123.63999938964844
2022-03-01,132.8000030517578
2022-03-02,124.91999816894531
2022-03-03,122.36000061035156
2022-03-04,127.8499984741211
2022-03-07,133.66000366210938
2022-03-08,139.7100067138672
2022-03-09,130.86000061035156
2022-03-10,125.47000122070312
2022-03-11,125.58000183105469
2022-03-14,126.26000213623047
2022-03-15,122.18000030517578
2022-03-16,115.0999984741211
2022-03-17,109.25
2022-03-18,106.73999786376953
2022-03-21,108.95999908447266
2022-03-22,108.22000122070312
2022-03-23,108.7699966430664
2022-03-24,106.05000305175781
2022-03-25,109.20999908447266
2022-03-28,108.29000091552734
2022-03-29,104.3499984741211
2022-03-30,107.41000366210938
2022-03-31,111.44999694824219
2022-04-01,112.22000122070312
2022-04-04,107.11000061035156
2022-04-05,116.2699966430664
2022-04-06,114.83999633789062
2022-04-07,113.33000183105469
2022-04-08,112.13999938964844
2022-04-11,117.3499984741211
2022-04-12,117.26000213623047
2022-04-13,113.76000213623047
2022-04-14,114.75
2022-04-18,110.9000015258789
2022-04-19,106.05999755859375
2022-04-20,103.02999877929688
2022-04-21,110.93000030517578
2022-04-22,122.37000274658203
2022-04-25,116.9800033569336
2022-04-26,127.5
2022-04-27,123.70999908447266
2022-04-28,119.75
2022-04-29,121.9800033569336
2022-05-02,124.4800033569336
2022-05-03,117.55000305175781
2022-05-04,106.62000274658203
2022-05-05,119.18000030517578
2022-05-06,116.77999877929688
2022-05-09,125.93000030517578
2022-05-10,120.9800033569336
2022-05-11,125.88999938964844
2022-05-12,122.11000061035156
2022-05-13,113.88999938964844
2022-05-16,108.26000213623047
2022-05-17,101.19999694824219
2022-05-18,114.95999908447266
2022-05-19,104.88999938964844
2022-05-20,107.80000305175781
2022-05-23,102.68000030517578
2022-05-24,104.29000091552734
2022-05-25,98.79000091552734
2022-05-26,96.25
2022-05-27,93.66000366210938
2022-05-31,93.0999984741211
2022-06-01,91.38999938964844
2022-06-02,91.08000183105469
2022-06-03,90.5
2022-06-06,89.52999877929688
2022-06-07,87.81999969482422
2022-06-08,92.68000030517578
2022-06-09,98.81999969482422
2022-06-10,99.75
2022-06-13,113.72000122070312
2022-06-14,111.01000213623047
2022-06-15,105.37000274658203
2022-06-16,114.36000061035156
2022-06-17,110.05999755859375
2022-06-21,104.37000274658203
2022-06-22,99.66000366210938
2022-06-23,98.30999755859375
2022-06-24,91.33999633789062
2022-06-27,87.58000183105469
2022-06-28,90.62000274658203
2022-06-29,88.91999816894531
2022-06-30,89.38999938964844
2022-07-01,85.51000213623047
2022-07-05,87.30000305175781
2022-07-06,85.87999725341797
2022-07-07,85.87999725341797
2022-07-08,84.73999786376953
2022-07-11,88.05000305175781
2022-07-12,90.05999755859375
2022-07-13,90.48999786376953
2022-07-14,90.7300033569336
2022-07-15,89.37000274658203
2022-07-18,91.86000061035156
2022-07-19,88.61000061035156
2022-07-20,86.75
2022-07-21,85.04000091552734
2022-07-22,84.52999877929688
2022-07-25,83.81999969482422
2022-07-26,84.83000183105469
2022-07-27,81.7699966430664
2022-07-28,80.87999725341797
2022-07-29,80.29000091552734
2022-08-01,86.33999633789062
2022-08-02,88.47000122070312
2022-08-03,84.5999984741211
2022-08-04,83.69000244140625
2022-08-05,84.12999725341797
2022-08-08,86.94999694824219
2022-08-09,87.48999786376953
2022-08-10,90.04000091552734
2022-08-11,90.83999633789062
2022-08-12,91.01000213623047
2022-08-15,88.7300033569336
2022-08-16,88.05000305175781
2022-08-17,87.47000122070312
2022-08-18,86.45999908447266
2022-08-19,89.7699966430664
2022-08-22,94.75
2022-08-23,93.33999633789062
2022-08-24,86.44999694824219
2022-08-25,83.31999969482422
2022-08-26,91.66000366210938
2022-08-29,91.56999969482422
2022-08-30,91.11000061035156
2022-08-31,88.4000015258789
2022-09-01,87.73999786376953
2022-09-02,89.19000244140625
2022-09-06,94.08000183105469
2022-09-07,88.26000213623047
2022-09-08,85.56999969482422
2022-09-09,84.08999633789062
2022-09-12,84.52999877929688
2022-09-13,93.88999938964844
2022-09-14,93.58000183105469
2022-09-15,92.61000061035156
2022-09-16,92.41999816894531
2022-09-19,88.98999786376953
2022-09-20,91.12000274658203
2022-09-21,92.05000305175781
2022-09-22,89.18000030517578
2022-09-23,101.55000305175781
2022-09-26,109.08999633789062
2022-09-27,113.76000213623047
2022-09-28,105.83000183105469
2022-09-29,108.30999755859375
2022-09-30,106.19000244140625
2022-10-03,103.02999877929688
2022-10-04,96.83000183105469
2022-10-05,92.79000091552734
2022-10-06,97.7300033569336
2022-10-07,103.37000274658203
2022-10-10,107.11000061035156
2022-10-11,105.26000213623047
2022-10-12,109.19000244140625
2022-10-13,101.26000213623047
2022-10-14,101.94000244140625
2022-10-17,97.31999969482422
2022-10-18,92.30000305175781
2022-10-19,90.69000244140625
2022-10-20,88.3499984741211
2022-10-21,87.31999969482422
2022-10-24,86.05999755859375
2022-10-25,82.20999908447266
2022-10-26,80.41999816894531
2022-10-27,82.51000213623047
2022-10-28,78.12000274658203
2022-10-31,78.86000061035156
2022-11-01,80.23999786376953
2022-11-02,80.93000030517578
2022-11-03,79.16999816894531
2022-11-04,79.23999786376953
2022-11-07,79.94999694824219
2022-11-08,84.5999984741211
2022-11-09,90.11000061035156
2022-11-10,85.77999877929688
2022-11-11,85.88999938964844
2022-11-14,84.56999969482422
2022-11-15,88.30999755859375
2022-11-16,81.37999725341797
2022-11-17,81.16000366210938
2022-11-18,77.68000030517578
2022-11-21,77.11000061035156
2022-11-22,77.80999755859375
2022-11-23,81.72000122070312
2022-11-25,82.5
2022-11-28,87.33000183105469
2022-11-29,85.43000030517578
2022-11-30,81.79000091552734
2022-12-01,82.19000244140625
2022-12-02,81.56999969482422
2022-12-05,84.70999908447266
2022-12-06,86.58999633789062
2022-12-07,87.18000030517578
2022-12-08,84.9000015258789
2022-12-09,87.26000213623047
2022-12-12,91.7300033569336
2022-12-13,88.73999786376953
2022-12-14,88.3499984741211
2022-12-15,92.26000213623047
2022-12-16,89.1500015258789
2022-12-19,87.54000091552734
2022-12-20,83.0
2022-12-21,77.63999938964844
2022-12-22,81.94000244140625
2022-12-23,78.83999633789062
2022-12-27,78.6500015258789
2022-12-28,79.9000015258789
2022-12-29,77.27999877929688
2022-12-30,77.05000305175781
2023-01-03,80.33999633789062
2023-01-04,76.6500015258789
2023-01-05,75.95999908447266
2023-01-06,73.87999725341797
2023-01-09,77.2699966430664
2023-01-10,76.0199966430664
2023-01-11,78.94000244140625
2023-01-12,78.79000091552734
2023-01-13,80.88999938964844
2023-01-17,83.44000244140625
2023-01-18,85.33000183105469
2023-01-19,85.13999938964844
2023-01-20,81.02999877929688
2023-01-23,78.33999633789062
2023-01-24,79.37000274658203
2023-01-25,80.73999786376953
2023-01-26,81.5999984741211
2023-01-27,83.30999755859375
2023-01-30,86.12999725341797
2023-01-31,83.9000015258789
2023-02-01,81.19999694824219
2023-02-02,84.97000122070312
2023-02-03,83.48999786376953
2023-02-06,85.0999984741211
2023-02-07,84.54000091552734
2023-02-08,94.83000183105469
2023-02-09,97.95999908447266
2023-02-10,95.62999725341797
2023-02-13,93.94999694824219
2023-02-14,89.19999694824219
2023-02-15,84.80999755859375
2023-02-16,88.25
2023-02-17,87.97000122070312
2023-02-21,95.98999786376953
2023-02-22,91.23999786376953
2023-02-23,85.16000366210938
2023-02-24,85.26000213623047
2023-02-27,83.20999908447266
2023-02-28,80.76000213623047
2023-03-01,80.55000305175781
2023-03-02,77.33999633789062
2023-03-03,75.93000030517578
2023-03-06,76.41000366210938
2023-03-07,78.54000091552734
2023-03-08,74.66999816894531
2023-03-09,92.04000091552734
2023-03-10,108.62000274658203
2023-03-13,114.54000091552734
2023-03-14,104.9000015258789
2023-03-15,122.75
2023-03-16,110.7699966430664
2023-03-17,124.75
2023-03-20,110.16000366210938
2023-03-21,101.19000244140625
2023-03-22,102.63999938964844
2023-03-23,102.91999816894531
2023-03-24,99.72000122070312
2023-03-27,95.06999969482422
2023-03-28,91.41000366210938
2023-03-29,87.77999877929688
2023-03-30,85.33999633789062
2023-03-31,87.52999877929688
2023-04-03,84.06999969482422
2023-04-04,84.72000122070312
2023-04-05,85.91999816894531
2023-04-06,84.63999938964844
2023-04-10,85.94000244140625
2023-04-11,85.91999816894531
2023-04-12,87.05999755859375
2023-04-13,84.7300033569336
2023-04-14,84.01000213623047
2023-04-17,83.1500015258789
2023-04-18,88.01000213623047
2023-04-19,95.04000091552734
2023-04-20,98.45999908447266
2023-04-21,96.94000244140625
2023-04-24,93.95999908447266
2023-04-25,94.3499984741211
2023-04-26,90.6500015258789
2023-04-27,85.79000091552734
2023-04-28,86.9000015258789
2023-05-01,88.20999908447266
2023-05-02,91.45999908447266
2023-05-03,91.54000091552734
2023-05-04,98.73999786376953
2023-05-05,91.80000305175781
2023-05-08,91.9800033569336
2023-05-09,92.44999694824219
2023-05-10,97.52999877929688
2023-05-11,97.31999969482422
2023-05-12,100.54000091552734
2023-05-15,94.6500015258789
2023-05-16,97.62999725341797
2023-05-17,92.76000213623047
2023-05-18,89.05999755859375
2023-05-19,94.7699966430664
2023-05-22,97.63999938964844
2023-05-23,101.91000366210938
2023-05-24,106.5199966430664
2023-05-25,103.87999725341797
2023-05-26,97.56999969482422
2023-05-30,91.91000366210938
2023-05-31,91.38999938964844
2023-06-01,85.06999969482422
2023-06-02,86.16000366210938
2023-06-05,85.7699966430664
2023-06-06,85.73999786376953
2023-06-07,84.0
2023-06-08,87.62999725341797
2023-06-09,89.69999694824219
2023-06-12,92.83000183105469
2023-06-13,92.0999984741211
2023-06-14,91.91000366210938
2023-06-15,93.94999694824219
2023-06-16,90.69000244140625
2023-06-20,96.26000213623047
2023-06-21,92.7300033569336
2023-06-22,90.63999938964844
2023-06-23,92.33999633789062
2023-06-26,95.41999816894531
2023-06-27,91.33000183105469
2023-06-28,85.79000091552734
2023-06-29,85.26000213623047
2023-06-30,83.11000061035156
2023-07-03,84.16999816894531
2023-07-05,87.76000213623047
2023-07-06,95.30000305175781
2023-07-07,94.48999786376953
2023-07-10,95.33000183105469
2023-07-11,95.20999908447266
2023-07-12,95.8499984741211
2023-07-13,96.43000030517578
2023-07-14,94.88999938964844
2023-07-17,95.9800033569336
2023-07-18,92.98999786376953
2023-07-19,93.56999969482422
2023-07-20,94.05999755859375
2023-07-21,93.36000061035156
2023-07-24,91.73999786376953
2023-07-25,90.0
2023-07-26,85.37999725341797
2023-07-27,94.05000305175781
2023-07-28,87.37999725341797
2023-07-31,86.68000030517578
2023-08-01,87.48999786376953
2023-08-02,96.19999694824219
2023-08-03,94.04000091552734
2023-08-04,99.62999725341797
2023-08-07,92.98999786376953
2023-08-08,94.91000366210938
2023-08-09,97.43000030517578
2023-08-10,99.77999877929688
2023-08-11,96.68000030517578
2023-08-14,95.33000183105469
2023-08-15,103.27999877929688
2023-08-16,104.54000091552734
2023-08-17,106.73999786376953
2023-08-18,97.27999877929688
2023-08-21,95.23999786376953
2023-08-22,92.62000274658203
2023-08-23,88.98999786376953
2023-08-24,92.16999816894531
2023-08-25,84.31999969482422
2023-08-28,82.2300033569336
2023-08-29,79.05000305175781
2023-08-30,78.62999725341797
2023-08-31,80.80000305175781
2023-09-01,82.6500015258789
2023-09-05,86.43000030517578
2023-09-06,87.8499984741211
2023-09-07,87.6500015258789
2023-09-08,85.2699966430664
2023-09-11,85.19000244140625
2023-09-12,85.62999725341797
2023-09-13,84.97000122070312
2023-09-14,82.4800033569336
2023-09-15,84.83999633789062
2023-09-18,84.7699966430664
2023-09-19,83.54000091552734
2023-09-20,88.05000305175781
2023-09-21,94.44000244140625
2023-09-22,90.54000091552734
2023-09-25,91.73999786376953
2023-09-26,103.04000091552734
2023-09-27,97.08999633789062
2023-09-28,93.72000122070312
2023-09-29,94.0999984741211
2023-10-02,95.38999938964844
2023-10-03,104.38999938964844
2023-10-04,95.58000183105469
2023-10-05,95.58999633789062
2023-10-06,91.16000366210938
2023-10-09,92.02999877929688
2023-10-10,90.0999984741211
2023-10-11,90.56999969482422
2023-10-12,91.87000274658203
2023-10-13,108.0999984741211
2023-10-16,95.69000244140625
2023-10-17,95.80000305175781
2023-10-18,105.88999938964844
2023-10-19,116.47000122070312
2023-10-20,115.43000030517578
2023-10-23,109.0
2023-10-24,98.54000091552734
2023-10-25,102.91999816894531
2023-10-26,101.97000122070312
2023-10-27,102.04000091552734
2023-10-30,95.2300033569336
2023-10-31,87.94000244140625
2023-11-01,85.08000183105469
2023-11-02,83.23999786376953
2023-11-03,82.83000183105469
2023-11-06,84.33000183105469
2023-11-07,83.43000030517578
2023-11-08,85.04000091552734
2023-11-09,88.73999786376953
2023-11-10,85.66000366210938
2023-11-13,85.51000213623047
2023-11-14,83.7699966430664
2023-11-15,84.91000366210938
2023-11-16,83.2300033569336
2023-11-17,81.83000183105469
2023-11-20,81.80999755859375
2023-11-21,81.7699966430664
2023-11-22,83.37999725341797
2023-11-24,83.0
2023-11-27,85.1500015258789
2023-11-28,85.13999938964844
2023-11-29,87.79000091552734
2023-11-30,86.70999908447266
2023-12-01,85.9000015258789
2023-12-04,87.76000213623047
2023-12-05,85.76000213623047
2023-12-06,86.8499984741211
2023-12-07,86.0
2023-12-08,81.11000061035156
2023-12-11,82.3499984741211
2023-12-12,83.54000091552734
2023-12-13,80.83000183105469
2023-12-14,80.83000183105469
2023-12-15,88.04000091552734
2023-12-18,88.66999816894531
2023-12-19,88.7699966430664
2023-12-20,92.18000030517578
2023-12-21,89.8499984741211
2023-12-22,88.62000274658203
2023-12-26,88.87000274658203
2023-12-27,86.22000122070312
2023-12-28,86.69000244140625
2023-12-29,86.95999908447266
2024-01-02,88.08999633789062
2024-01-03,89.6500015258789
2024-01-04,87.58999633789062
2024-01-05,82.87000274658203
2024-01-08,81.26000213623047
2024-01-09,78.58999633789062
2024-01-10,77.08999633789062
2024-01-11,75.54000091552734
2024-01-12,86.06999969482422
2024-01-16,89.58999633789062
2024-01-17,91.36000061035156
2024-01-18,86.33999633789062
2024-01-19,81.94999694824219
2024-01-22,79.16999816894531
2024-01-23,76.66999816894531
2024-01-24,80.94000244140625
2024-01-25,81.38999938964844
2024-01-26,82.19999694824219
2024-01-29,83.4000015258789
2024-01-30,82.23999786376953
2024-01-31,87.55999755859375
2024-02-01,84.83000183105469
2024-02-02,83.30999755859375
2024-02-05,79.58000183105469
2024-02-06,76.97000122070312
2024-02-07,80.54000091552734
2024-02-08,83.06999969482422
2024-02-09,81.94000244140625
2024-02-12,84.62999725341797
2024-02-13,93.19000244140625
2024-02-14,83.16999816894531
2024-02-15,82.4000015258789
2024-02-16,82.62999725341797
2024-02-20,86.0999984741211
2024-02-21,84.66000366210938
2024-02-22,80.87999725341797
2024-02-23,78.86000061035156
2024-02-26,80.5
2024-02-27,78.54000091552734
2024-02-28,80.36000061035156
2024-02-29,77.44999694824219
2024-03-01,77.68000030517578
2024-03-04,79.41000366210938
2024-03-05,83.91000366210938
2024-03-06,83.11000061035156
2024-03-07,82.12999725341797
2024-03-08,86.55999755859375
2024-03-11,88.97000122070312
2024-03-12,83.76000213623047
2024-03-13,86.2699966430664
2024-03-14,88.75
2024-03-15,92.16999816894531
2024-03-18,86.77999877929688
2024-03-19,83.9000015258789
2024-03-20,78.87000274658203
2024-03-21,77.30000305175781
2024-03-22,76.48999786376953
2024-03-25,76.5999984741211
2024-03-26,76.7699966430664
2024-03-27,76.0
2024-03-28,76.56999969482422
2024-04-01,78.44999694824219
2024-04-02,82.76000213623047
2024-04-03,81.08000183105469
2024-04-04,90.04000091552734
2024-04-05,90.58000183105469
2024-04-08,86.26000213623047
2024-04-09,84.44999694824219
2024-04-10,91.76000213623047
2024-04-11,89.4000015258789
2024-04-12,102.72000122070312
2024-04-15,109.63999938964844
2024-04-16,99.25
2024-04-17,98.76000213623047
2024-04-18,95.98999786376953
2024-04-19,99.08999633789062
2024-04-22,89.54000091552734
2024-04-23,82.36000061035156
2024-04-24,83.61000061035156
2024-04-25,82.54000091552734
2024-04-26,79.55999755859375
2024-04-29,78.22000122070312
2024-04-30,81.81999969482422
2024-05-01,81.93000030517578
2024-05-02,78.58999633789062
2024-05-03,74.56999969482422
2024-05-06,73.45999908447266
2024-05-07,74.54000091552734
2024-05-08,74.5
2024-05-09,73.7699966430664
2024-05-10,73.26000213623047
2024-05-13,77.55000305175781
2024-05-14,77.6500015258789
2024-05-15,76.30999755859375
2024-05-16,77.73999786376953
2024-05-17,78.43000030517578
2024-05-20,79.44999694824219
2024-05-21,77.62000274658203
2024-05-22,79.95999908447266
2024-05-23,84.62000274658203
2024-05-24,79.08999633789062
2024-05-28,81.63999938964844
2024-05-29,83.79000091552734
2024-05-30,83.44000244140625
2024-05-31,78.2699966430664
2024-06-03,78.79000091552734
2024-06-04,77.6500015258789
2024-06-05,75.23999786376953
2024-06-06,77.91000366210938
2024-06-07,76.6500015258789
2024-06-10,78.97000122070312
2024-06-11,79.94999694824219
2024-06-12,77.5999984741211
2024-06-13,78.19999694824219
2024-06-14,83.72000122070312
2024-06-17,83.33999633789062
2024-06-18,80.62999725341797
2024-06-20,85.72000122070312
2024-06-21,83.30999755859375
2024-06-24,84.80000305175781
2024-06-25,82.87000274658203
2024-06-26,81.44999694824219
2024-06-27,79.5
2024-06-28,79.4800033569336
2024-07-01,76.05000305175781
2024-07-02,77.05999755859375
2024-07-03,78.06999969482422
2024-07-05,78.80000305175781
2024-07-08,78.58999633789062
2024-07-09,78.58000183105469
2024-07-10,83.41000366210938
2024-07-11,84.47000122070312
2024-07-12,81.61000061035156
2024-07-15,83.86000061035156
2024-07-16,82.4000015258789
2024-07-17,88.27999877929688
2024-07-18,94.70999908447266
2024-07-19,97.93000030517578
2024-07-22,93.66000366210938
2024-07-23,88.51000213623047
2024-07-24,106.12000274658203
2024-07-25,104.37999725341797
2024-07-26,94.61000061035156
2024-07-29,93.51000213623047
2024-07-30,99.97000122070312
2024-07-31,94.25
2024-08-01,111.18000030517578
2024-08-02,136.80999755859375
2024-08-05,173.32000732421875
2024-08-06,150.08999633789062
2024-08-07,151.24000549316406
2024-08-08,134.33999633789062
2024-08-09,114.62999725341797
2024-08-12,121.94000244140625
2024-08-13,113.88999938964844
2024-08-14,107.80999755859375
2024-08-15,105.41999816894531
2024-08-16,103.41999816894531
2024-08-19,98.81999969482422
2024-08-20,101.73999786376953
2024-08-21,106.72000122070312
2024-08-22,112.52999877929688
2024-08-23,99.22000122070312
2024-08-26,100.68000030517578
2024-08-27,93.44999694824219
2024-08-28,106.31999969482422
2024-08-29,97.08000183105469
2024-08-30,93.7300033569336
2024-09-03,129.7899932861328
2024-09-04,123.47000122070312
2024-09-05,115.01000213623047
2024-09-06,119.33000183105469
2024-09-09,110.8499984741211
2024-09-10,107.19999694824219
2024-09-11,102.9000015258789
2024-09-12,103.94000244140625
2024-09-13,101.87999725341797
2024-09-16,106.66999816894531
2024-09-17,107.19000244140625
2024-09-18,105.43000030517578
2024-09-19,97.45999908447266
2024-09-20,94.2699966430664
2024-09-23,94.41000366210938
2024-09-24,90.93000030517578
2024-09-25,90.4800033569336
2024-09-26,89.86000061035156
2024-09-27,101.33999633789062
2024-09-30,99.33999633789062
2024-10-01,110.13999938964844
2024-10-02,107.97000122070312
2024-10-03,115.63999938964844
2024-10-04,110.62999725341797
2024-10-07,122.58000183105469
2024-10-08,114.81999969482422
2024-10-09,119.36000061035156
2024-10-10,117.43000030517578
2024-10-11,113.98999786376953
2024-10-14,107.22000122070312
2024-10-15,112.9000015258789
2024-10-16,111.62000274658203
2024-10-17,105.88999938964844
2024-10-18,100.94999694824219
2024-10-21,102.95999908447266
2024-10-22,100.5
2024-10-23,108.11000061035156
2024-10-24,109.83999633789062
2024-10-25,117.5
2024-10-28,112.2300033569336
2024-10-29,108.69999694824219
2024-10-30,112.7699966430664
2024-10-31,121.88999938964844
2024-11-01,119.12000274658203
2024-11-04,121.80000305175781
2024-11-05,114.31999969482422
2024-11-06,97.23999786376953
2024-11-07,88.5999984741211
2024-11-08,87.76000213623047
2024-11-11,90.7300033569336
2024-11-12,89.44999694824219
2024-11-13,91.76000213623047
2024-11-14,90.43000030517578
2024-11-15,98.93000030517578
2024-11-18,93.80999755859375
2024-11-19,97.37000274658203
2024-11-20,102.19999694824219
2024-11-21,101.30000305175781
2024-11-22,95.12999725341797
2024-11-25,88.79000091552734
2024-11-26,87.70999908447266
2024-11-27,88.36000061035156
2024-11-29,86.31999969482422
2024-12-02,87.11000061035156
2024-12-03,86.43000030517578
2024-12-04,86.4800033569336
2024-12-05,86.94999694824219
2024-12-06,87.37999725341797
2024-12-09,93.83999633789062
2024-12-10,94.3499984741211
2024-12-11,98.12000274658203
2024-12-12,99.43000030517578
2024-12-13,96.5
2024-12-16,98.3499984741211
2024-12-17,100.7300033569336
2024-12-18,129.7899932861328
2024-12-19,136.2899932861328
2024-12-20,114.01000213623047
2024-12-23,102.33999633789062
2024-12-24,91.05000305175781
2024-12-26,92.7699966430664
2024-12-27,98.80999755859375
2024-12-30,103.05000305175781
2024-12-31,104.33000183105469
2025-01-02,106.58999633789062
2025-01-03,94.36000061035156
2025-01-06,95.88999938964844
2025-01-07,106.37000274658203
2025-01-08,103.93000030517578
2025-01-10,115.48999786376953
2025-01-13,110.94000244140625
2025-01-14,107.93000030517578
2025-01-15,97.79000091552734
2025-01-16,99.83999633789062
2025-01-17,101.61000061035156
2025-01-21,98.26000213623047
2025-01-22,100.55999755859375
2025-01-23,99.5199966430664
2025-01-24,100.41000366210938
2025-01-27,110.30999755859375
2025-01-28,103.73999786376953
2025-01-29,101.68000030517578
2025-01-30,98.31999969482422
2025-01-31,101.5
2025-02-03,109.01000213623047
2025-02-04,100.87999725341797
2025-02-05,97.29000091552734
2025-02-06,96.7699966430664
2025-02-07,101.48999786376953
2025-02-10,99.1500015258789
2025-02-11,99.81999969482422
2025-02-12,98.73999786376953
2025-02-13,95.4800033569336
2025-02-14,96.9000015258789
2025-02-18,98.5
2025-02-19,95.55000305175781
2025-02-20,94.98999786376953
2025-02-21,105.70999908447266
2025-02-24,106.80000305175781
2025-02-25,108.47000122070312
2025-02-26,106.05000305175781
2025-02-27,114.79000091552734
2025-02-28,108.98999786376953
2025-03-03,118.73999786376953
2025-03-04,118.55999755859375
2025-03-05,109.62999725341797
2025-03-06,120.81999969482422
2025-03-07,115.7300033569336
2025-03-10,128.4600067138672
2025-03-11,129.50999450683594
2025-03-12,115.88999938964844
2025-03-13,112.88999938964844
2025-03-14,98.2300033569336
2025-03-17,95.93000030517578
2025-03-18,99.68000030517578
2025-03-19,93.2300033569336
2025-03-20,89.94999694824219
2025-03-21,87.98999786376953
2025-03-24,81.88999938964844
2025-03-25,87.45999908447266
2025-03-26,90.23999786376953
2025-03-27,89.51000213623047
2025-03-28,102.44000244140625
2025-03-31,99.12000274658203
2025-04-01,97.55000305175781
2025-04-02,118.37000274658203
2025-04-03,119.4800033569336
2025-04-04,147.16000366210938
2025-04-07,152.6300048828125
2025-04-08,170.9199981689453
2025-04-09,142.5
2025-04-10,157.24000549316406
2025-04-11,147.35000610351562
2025-04-14,122.31999969482422
2025-04-15,115.88999938964844
2025-04-16,122.91000366210938
2025-04-17,116.26000213623047
2025-04-21,124.11000061035156
2025-04-22,112.95999908447266
2025-04-23,109.0199966430664
2025-04-24,102.9800033569336
2025-04-25,98.94999694824219
2025-04-28,103.38999938964844
2025-04-29,101.30999755859375
2025-04-30,102.29000091552734
2025-05-01,102.30999755859375
2025-05-02,97.26000213623047
2025-05-05,101.16999816894531
2025-05-06,104.31999969482422
2025-05-07,99.81999969482422
2025-05-08,96.29000091552734
2025-05-09,96.3499984741211
2025-05-12,87.93000030517578
2025-05-13,91.58999633789062
2025-05-14,97.16000366210938
2025-05-15,94.11000061035156
2025-05-16,94.94000244140625
2025-05-19,96.88999938964844
2025-05-20,96.62000274658203
2025-05-21,106.30000305175781
2025-05-22,104.0999984741211
2025-05-23,109.76000213623047
2025-05-27,96.48999786376953
2025-05-28,97.1500015258789
2025-05-29,95.31999969482422
2025-05-30,95.1500015258789
2025-06-02,91.83999633789062
2025-06-03,90.88999938964844
2025-06-04,90.79000091552734
2025-06-05,93.19999694824219
2025-06-06,89.44999694824219
2025-06-09,88.97000122070312
2025-06-10,92.05999755859375
2025-06-11,99.0199966430664
2025-06-12,103.04000091552734
2025-06-13,113.37000274658203
2025-06-16,106.19000244140625
2025-06-17,115.5
2025-06-18,106.19999694824219
2025-06-20,108.86000061035156
2025-06-23,104.31999969482422
2025-06-24,92.29000091552734
2025-06-25,89.6500015258789
2025-06-26,89.5999984741211
2025-06-27,91.83999633789062
2025-06-30,89.73999786376953
2025-07-01,89.54000091552734
2025-07-02,89.80000305175781
2025-07-03,90.5999984741211
2025-07-07,96.30000305175781
2025-07-08,91.30999755859375
2025-07-09,91.76000213623047
2025-07-10,90.94000244140625
2025-07-11,93.52999877929688
2025-07-14,95.75
2025-07-15,94.66000366210938
2025-07-16,95.55999755859375
2025-07-17,92.9000015258789
2025-07-18,93.1500015258789
2025-07-21,92.26000213623047
2025-07-22,90.58000183105469
2025-07-23,88.04000091552734
2025-07-24,89.75
2025-07-25,90.58999633789062
2025-07-28,88.58999633789062
2025-07-29,95.13999938964844
2025-07-30,94.33000183105469
2025-07-31,98.37000274658203
2025-08-01,109.79000091552734
2025-08-04,95.8499984741211
2025-08-05,97.6500015258789
2025-08-06,97.80999755859375
2025-08-07,97.37000274658203
2025-08-08,93.13999938964844
2025-08-11,97.08999633789062
2025-08-12,92.86000061035156
2025-08-13,98.16999816894531
2025-08-14,98.04000091552734
2025-08-15,97.8499984741211
2025-08-18,96.62999725341797
2025-08-19,102.08999633789062
2025-08-20,98.5999984741211
2025-08-21,99.98999786376953
2025-08-22,89.77999877929688
2025-08-25,92.30000305175781
2025-08-26,91.6500015258789
2025-08-27,94.93000030517578
2025-08-28,92.02999877929688
2025-08-29,97.16999816894531
2025-09-02,103.87999725341797
2025-09-03,99.62000274658203
2025-09-04,95.27999877929688
2025-09-05,93.05999755859375
2025-09-08,92.29000091552734
2025-09-09,93.16000366210938
2025-09-10,100.52999877929688
2025-09-11,96.31999969482422
2025-09-12,96.77999877929688
2025-09-15,99.55000305175781
2025-09-16,104.0999984741211
2025-09-17,96.16999816894531
2025-09-18,97.27999877929688
2025-09-19,96.9000015258789
2025-09-22,99.75
2025-09-23,101.2300033569336
2025-09-24,99.98999786376953
2025-09-25,100.33999633789062
2025-09-26,93.4000015258789
2025-09-29,96.73999786376953
2025-09-30,95.88999938964844
2025-10-01,93.22000122070312
2025-10-02,94.0999984741211
2025-10-03,94.79000091552734
2025-10-06,95.37999725341797
2025-10-07,98.69999694824219
2025-10-08,96.22000122070312
2025-10-09,97.25
2025-10-10,116.25
2025-10-13,106.44999694824219
2025-10-14,113.19000244140625
2025-10-15,117.30000305175781
2025-10-16,134.25
2025-10-17,115.62999725341797
2025-10-20,103.18000030517578
2025-10-21,103.36000061035156
2025-10-22,104.87000274658203
2025-10-23,98.5999984741211
2025-10-24,98.02999877929688
2025-10-27,97.4000015258789
2025-10-28,101.51000213623047
2025-10-29,103.56999969482422
2025-10-30,102.83999633789062
2025-10-31,104.45999908447266
